-- phpMyAdmin SQL Dump
-- version 4.9.1
-- https://www.phpmyadmin.net/
--
-- Host: sql639.your-server.de
-- Generation Time: Nov 12, 2019 at 12:02 PM
-- Server version: 5.7.27-1
-- PHP Version: 7.1.33

SET SQL_MODE = "NO_AUTO_VALUE_ON_ZERO";
SET AUTOCOMMIT = 0;
START TRANSACTION;
SET time_zone = "+00:00";


/*!40101 SET @OLD_CHARACTER_SET_CLIENT=@@CHARACTER_SET_CLIENT */;
/*!40101 SET @OLD_CHARACTER_SET_RESULTS=@@CHARACTER_SET_RESULTS */;
/*!40101 SET @OLD_COLLATION_CONNECTION=@@COLLATION_CONNECTION */;
/*!40101 SET NAMES utf8mb4 */;

--
-- Database: `budo_schema`
--

-- --------------------------------------------------------

--
-- Table structure for table `abbreviation`
--

CREATE TABLE `abbreviation` (
  `abbreviation_id` int(11) NOT NULL,
  `name_german` varchar(1000) DEFAULT NULL,
  `name_english` varchar(1000) DEFAULT NULL,
  `budo` varchar(30) DEFAULT NULL,
  `version` date DEFAULT NULL,
  `comment` varchar(1000) DEFAULT ''
) ENGINE=InnoDB DEFAULT CHARSET=utf8;

--
-- Dumping data for table `abbreviation`
--

INSERT INTO `abbreviation` (`abbreviation_id`, `name_german`, `name_english`, `budo`, `version`, `comment`) VALUES
(1, '', '', '', '2019-09-25', ''),
(2, 'Anlage', 'equipment', 'EQ', '2019-09-25', ''),
(3, 'Betonkerntemperierung', 'concrete core activation', 'CCA', '2019-09-25', ''),
(4, 'Blockheizkraftwerk (BHKW)', 'combined heat and power', 'CHP', '2019-09-25', ''),
(5, 'Fernkälte', 'district cooling', 'C.DISCT', '2019-09-25', ''),
(6, 'Fernwärme', 'district heating', 'H.DISCT', '2019-09-25', ''),
(7, 'Freie Kühlung', 'free cooling', 'C.FREE', '2019-09-25', ''),
(8, 'Gas', 'gas', 'GAS', '2019-09-25', ''),
(9, 'Gaskühler', 'gas cooler', 'C.GAS', '2019-09-25', ''),
(10, 'Gebäudeautomationssystem', 'building automation system', 'BAS', '2019-09-25', ''),
(11, 'Gebäudemanagementsystem', 'building management system', 'BMS', '2019-09-25', ''),
(12, 'Kältemaschine', 'chiller', 'CH', '2019-09-25', ''),
(13, 'Kessel', 'boiler', 'BOI', '2019-09-25', ''),
(14, 'Kühlturm', 'cooling tower', 'C.TOW', '2019-09-25', ''),
(15, 'Luft', 'air', 'AIR', '2019-09-25', ''),
(16, 'Lüftungsmaschine', 'ventilation machine', 'VMA', '2019-09-25', ''),
(17, 'Photovoltaik', 'photovoltaics', 'PV', '2019-09-25', ''),
(18, 'Raumautomation', 'room automation', 'RA', '2019-09-25', ''),
(19, 'Solarthermie', 'solar thermal energy', 'SOL.TH', '2019-09-25', ''),
(20, 'Speicher', 'storage', 'STO', '2019-09-25', ''),
(21, 'Unterverteiler', 'sub-distributor', 'DIST.SUB', '2019-09-25', ''),
(22, 'Unterverteilsystem', 'sub-distribution system', 'DISTS.SUB', '2019-09-25', ''),
(23, 'Verteiler', 'distributor', 'DIST', '2019-09-25', ''),
(24, 'Verteilsystem', 'distribution system', 'DISTS', '2019-09-25', ''),
(25, 'Wärmepumpe', 'heat pump', 'HP', '2019-09-25', ''),
(26, 'Wärmeübertrager', 'heat exchanger', 'HX', '2019-09-25', ''),
(27, 'Wasser', 'water', 'WS', '2019-09-25', ''),
(28, 'Rückkühlung', 'recooling', 'C.RE', '2019-09-25', ''),
(29, 'Geothermiefeld', 'geothermal field', 'GTF', '2019-09-25', ''),
(30, 'Fußbodenheizung', 'underfloor heating', 'UFH', '2019-09-25', ''),
(31, 'Deckeninduktionsgerät', 'active chilled beams', 'ACB', '2019-09-25', ''),
(32, 'Brennwertkessel', 'condensing boiler', 'COND', '2019-10-29', ''),
(33, 'Festbrennstoffkessel', 'solid fuel boilers', 'SFUEL', '2019-09-25', ''),
(34, 'Niedertemperaturkessel', 'low-temperature boilers', 'LT', '2019-09-25', ''),
(35, 'Gas-befeuert', 'gas-fired', 'GF', '2019-09-25', 'contrary to DIN EN 806-1 (G)'),
(36, 'Öl-befeuert', 'oil-fired', 'OILF', '2019-09-25', 'contrary to DIN EN 806-1 (O)'),
(37, 'Absorption', 'absorption', 'ABSPT', '2019-09-25', ''),
(38, 'Kompression', 'compression', 'COMP', '2019-09-25', ''),
(39, 'Kältespeicher', 'cold storage', 'C', '2019-10-29', ''),
(40, 'Kombispeicher', 'combination storage', 'HDH', '2019-09-25', ''),
(41, 'Wärmespeicher', 'heat storage', 'H', '2019-09-25', ''),
(42, 'Warmwasser', 'hot water', 'DH', '2019-09-25', ''),
(43, 'Hochtemperatur', 'high temperature', 'HT', '2019-09-25', ''),
(44, 'Kälte', 'chill', 'CH', '2019-09-25', ''),
(45, 'Niedertemperatur', 'low temperature', 'LT', '2019-09-25', ''),
(46, 'Verdampfer', 'evaporator', 'EVAP', '2019-09-25', ''),
(47, 'Verdichter', 'compressor', 'COMP', '2019-09-25', ''),
(48, 'Verflüssiger', 'condenser', 'COND', '2019-09-25', ''),
(49, 'Bediengerät', 'control unit', 'CU', '2019-09-25', ''),
(50, 'Befeuchter', 'humidifier', 'HUM', '2019-09-25', ''),
(51, 'Deckenheizung', 'ceiling heating', 'CLG.H', '2019-09-25', ''),
(52, 'Deckenheizung und -kühlung', 'ceiling heating and cooling', 'CLG.HC', '2019-09-25', ''),
(53, 'Deckenkühlung', 'ceiling cooling', 'CLG.C', '2019-09-25', ''),
(54, 'Elektroheizung', 'electric heating', 'H.EL', '2019-09-25', ''),
(55, 'Erdwärmesonden', 'geothermal probes', 'HX.BH', '2019-09-25', ''),
(56, 'Heiz- und Kühlregister', 'heating and cooling coil', 'COIL.HC', '2019-09-25', ''),
(57, 'Heizregister', 'heating coil', 'COIL.H', '2019-09-25', ''),
(58, 'Klappe', 'damper', 'DAMP', '2019-09-25', ''),
(59, 'Kompressor', 'compressor', 'COMP', '2019-09-25', ''),
(60, 'Kühlregister', 'cooling coil', 'COIL.C', '2019-09-25', ''),
(61, 'Nacherhitzer', 'reheater', 'H.RE', '2019-09-25', ''),
(62, 'Nacherhitzer und -kühler', 'reheaters and coolers', 'HC.RE', '2019-09-25', ''),
(63, 'Nachkühler', 'aftercooler', 'C.AF', '2019-10-06', ''),
(64, 'Pumpe', 'pump', 'PU', '2019-09-25', ''),
(65, 'Schalter', 'switch', 'SWI', '2019-10-27', ''),
(66, 'Sensor', 'sensor', 'SEN', '2019-09-25', ''),
(67, 'T-Stück', 't-piece', 'TP', '2019-09-25', ''),
(68, 'Ventil', 'valve', 'VAL', '2019-09-25', ''),
(69, 'Ventilator', 'fan', 'FAN', '2019-09-25', ''),
(70, 'Volumenstromregler', 'volume flow controller', 'CTRL.VF', '2019-09-25', ''),
(71, 'Vorerhitzer', 'preheater', 'H.PR', '2019-09-25', ''),
(72, 'Vorerhitzer und -kühler', 'preheaters and coolers', 'HC.PR', '2019-09-25', ''),
(73, 'Vorkühler', 'precooler', 'C.PR', '2019-09-25', ''),
(74, 'Wärmerückgewinnung', 'heat recovery', 'HRC', '2019-09-25', ''),
(75, 'Steuerung', 'control', 'CTRL', '2019-09-25', ''),
(76, 'Absperr', 'shut-off', 'SHOFF', '2019-09-25', ''),
(77, 'Mischluft', 'mixed air', 'MIA', '2019-09-25', 'DIN EN 16798-3:2017'),
(78, 'Regel', 'control', 'CTRL', '2019-09-25', ''),
(79, 'Umschalt', 'changeover ', 'CHO', '2019-09-25', ''),
(80, 'Verteil', 'distribution', 'DIV', '2019-09-25', ''),
(81, 'Brandschutz', 'fire safety', 'FIRE', '2019-10-26', ''),
(82, 'Absolute Feuchte', 'absolute humidity', 'HUM.ABS', '2019-09-25', ''),
(83, 'Beleuchtungsstärke', 'illuminance', 'LUX', '2019-09-25', ''),
(84, 'Druck', 'pressure', 'P', '2019-09-25', 'DIN EN 806-1'),
(85, 'Druckdifferenz', 'pressure difference', 'P.DIF', '2019-09-25', ''),
(86, 'Elektrische Leistung', 'electrical power', 'POW.EL', '2019-09-25', ''),
(87, 'Frostschutz', 'frost protection', 'FROS', '2019-09-25', ''),
(88, 'Globalstrahlung', 'global radiation', 'GL.RADI', '2019-09-25', ''),
(89, 'Heizleistung', 'heating capacity', 'POW.H', '2019-09-25', ''),
(90, 'Kältemenge', 'cooling energy', 'EN.C', '2019-09-25', ''),
(91, 'Kühlleistung', 'cooling capacity', 'POW.C', '2019-09-25', ''),
(92, 'Massenstrom', 'mass flow', 'MF', '2019-09-25', ''),
(93, 'Präsenz', 'presence', 'PRES', '2019-09-25', ''),
(94, 'Rauch', 'smoke', 'SM', '2019-09-25', ''),
(95, 'Regen', 'rain', 'RAIN', '2019-09-25', ''),
(96, 'Relative Feuchte', 'relative humidity', 'HUM.REL', '2019-09-25', ''),
(97, 'Elektrische Energie', 'electrical energy', 'EN.EL', '2019-09-25', ''),
(98, 'Temperatur', 'temperature', 'T', '2019-09-25', 'DIN EN 806-1'),
(99, 'Temperaturdifferenz', 'temperature difference', 'T.DIF', '2019-09-25', ''),
(100, 'Volumenstrom', 'volume flow', 'VF', '2019-09-25', ''),
(101, 'Wärmemenge', 'heat', 'EN.H', '2019-09-25', ''),
(102, 'Wind', 'wind', 'WIND', '2019-09-25', ''),
(103, 'Not Aus', 'emergency off', 'EMR', '2019-09-25', ''),
(104, 'Reparatur', 'repair', 'REP', '2019-09-25', ''),
(105, 'Bypass', 'bypass', 'BYP', '2019-09-25', ''),
(106, 'Filter', 'filter', 'FIL', '2019-09-25', ''),
(107, 'Glykol', 'glycol', 'GLY', '2019-09-25', ''),
(108, 'Hydraulische Weiche', 'hydraulic separator', 'HYDS', '2019-09-25', ''),
(109, 'Öl', 'oil', 'OIL', '2019-09-25', ''),
(110, 'Ab', 'extract', 'ETA', '2019-09-25', 'DIN EN 16798-3:2017'),
(111, 'Heiz/Heiß', 'heat/hot', 'H', '2019-09-25', 'DIN EN 806-1'),
(112, 'Kühl', 'cool', 'C', '2019-09-25', 'DIN EN 806-1'),
(113, 'Primär', 'primary', 'PRIM', '2019-09-25', ''),
(114, 'Sekundär', 'secondary', 'SEC', '2019-09-25', 'DIN EN 16798-3:2017'),
(115, 'Trinkwasser, kalt', 'potable water, cold', 'PWC', '2019-09-25', 'DIN EN 806-1'),
(116, 'Trinkwasser, warm', 'potable water, warm', 'PWH', '2019-09-25', 'DIN EN 806-1'),
(117, 'Trinkwasser, warm, Zirkulation', 'potable water hot-circulation', 'PWHC', '2019-09-25', 'contrary to DIN EN 806-1 (PWH-C)'),
(118, 'Nichttrinkwasser', 'non-potable water', 'NPW', '2019-09-25', 'DIN EN 806-1'),
(119, 'Zu', 'supply', 'SUP', '2019-09-25', 'DIN EN 16798-3:2017'),
(120, 'Zu und Ab', 'supply and extract', 'SUP.ETA', '2019-09-25', ''),
(121, 'Fort', 'exhaust', 'EHA', '2019-09-25', 'DIN EN 16798-3:2017'),
(122, 'Frisch/Außen', 'fresh/outside', 'ODA', '2019-09-25', 'DIN EN 16798-3:2017'),
(123, 'Raum/Innen', 'room/inside', 'IDA', '2019-09-25', 'DIN EN 16798-3:2017'),
(124, 'Um', 'recirculation', 'RCA', '2019-09-25', 'DIN EN 16798-3:2017'),
(125, 'Überstrom', 'transferred', 'TRA', '2019-09-25', 'DIN EN 16798-3:2017'),
(126, 'Leck', 'leakage', 'LEA', '2019-09-25', 'DIN EN 16798-3:2017'),
(127, 'Infiltration', 'infiltration', 'INF', '2019-09-25', 'DIN EN 16798-3:2017'),
(128, 'Exfiltration', 'exfiltration', 'EXF', '2019-09-25', 'DIN EN 16798-3:2017'),
(130, 'Außenluft Einzelraum', 'outside air single room', 'SRO', '2019-09-25', 'DIN EN 16798-3:2017'),
(131, 'Zuluft Einzelraum', 'supply air single room', 'SRS', '2019-09-25', 'DIN EN 16798-3:2017'),
(132, 'Abluft Einzelraum', 'extract air single room', 'SET', '2019-09-25', 'DIN EN 16798-3:2017'),
(133, 'Fortluft Einzelraum', 'exhaust air single room', 'SEH', '2019-09-25', 'DIN EN 16798-3:2017'),
(134, 'Frequenzumformer', 'frequency converter', 'FC', '2019-09-25', ''),
(135, 'Austritt', 'outlet', 'OUT', '2019-09-25', ''),
(136, 'Eintritt', 'entry', 'IN', '2019-09-25', ''),
(137, 'Mitte', 'middle', 'MID', '2019-09-25', ''),
(138, 'nach Wärmerückgewinnung', 'after heat recovery', 'AF.HRC', '2019-09-25', ''),
(139, 'Oben', 'top', 'TOP', '2019-09-25', ''),
(140, 'Rücklauf (RL)', 'return flow', 'RET', '2019-09-25', ''),
(141, 'Unten', 'bottom', 'BOT', '2019-09-25', ''),
(142, 'vor Wärmerückgewinnung', 'before heat recovery', 'BEF.HRC', '2019-09-25', ''),
(143, 'Vorlauf (VL)', 'flow', 'FLO', '2019-09-25', ''),
(144, 'Alarm', 'alarm', 'ALA', '2019-09-25', ''),
(145, 'Betriebsmeldung', 'status message', 'STAT', '2019-09-25', ''),
(146, 'Messwert', 'measured value', 'MEA', '2019-09-25', ''),
(147, 'Schaltbefehl', 'switching command', 'COM.SWI', '2019-09-25', ''),
(148, 'Stellbefehl', 'positioning command', 'COM.POS', '2019-09-25', ''),
(149, 'Störung', 'malfunction', 'MALF', '2019-09-25', ''),
(150, 'Betriebszeit/-stunden', 'operating time/hours', 'OPR.TIM', '2019-09-25', ''),
(151, 'Drehzahl', 'rotation speed', 'NROT', '2019-09-25', ''),
(152, 'Förderhöhe', 'delivery head', 'DELH', '2019-09-25', ''),
(153, 'Füllstand', 'filling level', 'LEV', '2019-09-25', ''),
(154, 'Heiz-/Kühlleistung', 'heating/cooling power', 'POW.HC', '2019-09-25', ''),
(155, 'Kohlenstoffdioxid (CO2)', 'carbon dioxide (CO2)', 'CO2', '2019-09-25', ''),
(156, 'Kohlenstoffmonoxid (CO)', 'carbon monoxide (CO)', 'CO', '2019-09-25', ''),
(157, 'Position', 'position', 'POS', '2019-09-25', ''),
(158, 'Totale flüchtige organische Verbindungen', 'total volatile organic compounds', 'TVOC', '2019-10-24', ''),
(159, 'Modus', 'mode', 'MOD', '2019-09-25', ''),
(160, 'Ersatzbetrieb', 'stand-by operation', 'OPR.STB', '2019-09-25', ''),
(161, 'Freigabe', 'enabled', 'ENA', '2019-09-25', ''),
(162, 'geschlossen/schließen', 'closed/close', 'CL', '2019-09-25', ''),
(163, 'Netzbetrieb', 'mains operation', 'OPR.MAIN', '2019-09-25', ''),
(164, 'offen/öffnen', 'open/open', 'OP', '2019-09-25', ''),
(165, 'Reparaturschalter', 'repair switch', 'REP', '2019-09-25', ''),
(166, 'Wartungsmeldung', 'maintenance message', 'MM', '2019-09-25', ''),
(167, 'erhöhen', 'raise', 'RAI', '2019-09-25', ''),
(168, 'halten', 'hold', 'HOL', '2019-09-25', ''),
(169, 'reduzieren', 'reduce', 'RED', '2019-09-25', ''),
(170, 'Grenzwert', 'limit', 'LIM', '2019-09-25', ''),
(171, 'Grenzwert maximal', 'maximum limit', 'LIM.MAX', '2019-09-25', ''),
(172, 'Grenzwert minimal', 'minimum limit', 'LIM.MIN', '2019-09-25', ''),
(173, 'Mittelwert', 'average', 'AV', '2019-09-25', ''),
(174, 'Sollwert', 'setpoint', 'SP', '2019-09-25', ''),
(175, 'Aufsummiert/Kumuliert', 'summed/cumulated', 'SUM', '2019-09-25', ''),
(176, 'Maximum', 'maximum', 'MAX', '2019-09-25', ''),
(177, 'Minimum', 'minimum', 'MIN', '2019-09-25', ''),
(178, 'Sommer', 'summer', 'SU', '2019-09-25', ''),
(179, 'Winter', 'winter', 'WI', '2019-09-25', ''),
(180, 'Analoger Eingang', 'analog input', 'AI', '2019-10-29', ''),
(181, 'Analoger Ausgang', 'analog output', 'AO', '2019-10-29', ''),
(182, 'Digitaler Eingang', 'digital input', 'DI', '2019-10-29', ''),
(183, 'Digitaler Ausgang', 'digital output', 'DO', '2019-10-29', ''),
(184, 'Virtueller Analoger Eingang', 'virtual analog input', 'VAI', '2019-10-29', ''),
(185, 'Virtueller Analoger Ausgang', 'virtual analog output', 'VAO', '2019-10-29', ''),
(186, 'Virtueller Digitaler Eingang', 'virtual digital input', 'VDI', '2019-10-29', ''),
(187, 'Virtueller Digitaler Ausgang', 'virtual digital output', 'VDO', '2019-10-29', ''),
(188, 'Simulierter Analoger Eingang', 'simulated analog input', 'SAI', '2019-09-25', ''),
(189, 'Simulierter Analoger Ausgang', 'simulated analog output', 'SAO', '2019-09-25', ''),
(190, 'Simulierter Digitaler Eingang ', 'simulated digital Input ', 'SDI', '2019-09-25', ''),
(191, 'Simulierter Digitaler Ausgang', 'simulated digital output', 'SDO', '2019-09-25', ''),
(192, 'Gebäude', 'building', 'B', '2019-09-25', ''),
(193, 'Liegenschaft/Standort/Werk', 'location', 'L', '2019-09-25', ''),
(194, 'Gewerk', 'craft', 'CR', '2019-09-25', ''),
(195, 'Raum Gerät', 'room device', 'R.D', '2019-09-25', ''),
(196, 'Geschoss Gerät', 'floor device', 'FL.D', '2019-09-25', ''),
(197, 'Gebäudeteil Gerät', 'section device', 'SC.D', '2019-09-25', ''),
(198, 'Zone', 'zone', 'Z', '2019-09-25', ''),
(199, 'Fertigungsinsel/Fertigungslinie', 'production line', 'PL', '2019-09-25', ''),
(200, 'Informationsschwerpunkt', 'information focus', 'IF', '2019-09-25', ''),
(201, 'Wirtschaftseinheit/Kostengruppe', 'accounting entity', 'AE', '2019-09-25', ''),
(202, 'Land', 'country', 'CTRY', '2019-09-25', ''),
(203, 'Typ der Netzwerkanbindung', 'network protocol', 'NP', '2019-09-25', ''),
(204, 'Netzwerknummer', 'network number', 'NET.N', '2019-09-25', ''),
(205, 'Raum Schaltschrank', 'room control cabinet', 'R.CC', '2019-09-25', ''),
(206, 'Geschoss Schaltschrank', 'floor control cabinet', 'FL.CC', '2019-09-25', ''),
(207, 'Gebäudeteil Schaltschrank', 'section control cabinet', 'SC.CC', '2019-09-25', ''),
(208, 'Dokumentenart/Planart', 'document type', 'DT', '2019-09-25', ''),
(209, 'Unternehmen', 'company', 'CMPY', '2019-09-25', ''),
(210, 'Fabrikat/Hersteller', 'manufacturer', 'MAN', '2019-09-25', ''),
(211, 'Servername', 'server name', 'SN', '2019-09-25', ''),
(212, 'Steuerungsgruppe', 'control group', 'CG', '2019-09-25', ''),
(213, 'Größe', 'size', 'SZ', '2019-09-25', ''),
(214, 'Zählernummer', 'counter number', 'CN.N', '2019-09-25', ''),
(215, 'Achse', 'axis', 'AX', '2019-09-25', ''),
(216, 'Straße', 'street', 'STR', '2019-09-25', ''),
(217, 'Hausnummer', 'street number', 'STR.N', '2019-09-25', ''),
(218, 'Einheit', 'unit', 'U', '2019-09-25', ''),
(219, 'Versorgter Raum', 'supplied room', 'R.SUP', '2019-09-25', ''),
(220, 'Versorgtes Geschoss', 'supplied floor', 'FL.SUP', '2019-09-25', ''),
(221, 'Versorgte Zone', 'supplied zone', 'Z.SUP', '2019-09-25', ''),
(222, 'Versorgter Gebäudeteil', 'supplied section', 'SC.SUP', '2019-09-25', ''),
(223, 'Versorgtes Gebäude', 'supplied building', 'B.SUP', '2019-09-25', ''),
(224, 'Wetterstation', 'weather station', 'WST', '2019-10-27', 'DIN 277-1, DIN 277-2'),
(225, 'Elektrische Blindleistung', 'electrical reactive power', 'POW.EL.REA', '2019-09-25', ''),
(226, 'Konstruktion', 'construction', 'CNST', '2019-09-25', ''),
(227, 'Oberfläche', 'surface', 'SURF', '2019-09-25', ''),
(228, 'Deckenventilator', 'ceiling ventilator', 'CLG.FAN', '2019-09-25', ''),
(229, 'Beleuchtung', 'lighting', 'LIG', '2019-09-25', ''),
(230, 'Fenster', 'window', 'WIN', '2019-09-25', ''),
(231, 'Bewegungsmelder', 'motion detector', 'MOT', '2019-09-25', ''),
(232, 'Steckdose', 'socket', 'SOCK', '2019-09-25', ''),
(233, 'Elektrische Scheinleistung', 'apparent electrical power', 'POW.EL.AP', '2019-09-25', ''),
(234, 'Windgeschwindigkeit', 'wind speed', 'WIND.SPE', '2019-09-25', ''),
(235, 'Windrichtung', 'wind direction', 'WIND.DI', '2019-09-25', ''),
(236, 'Geschwindigkeit', 'velocity', 'VC', '2019-09-25', ''),
(237, 'Elektrische Spannung', 'electric voltage', 'V', '2019-09-25', ''),
(242, 'Elektrischer Kontakt', 'electrical contact', 'COTC.EL', '2019-09-25', ''),
(243, 'Öffnungsgrad', 'degree of opening', 'STAT.OP', '2019-09-25', ''),
(244, 'Schließgrad', 'degree of closure', 'STAT.CLOS', '2019-09-25', ''),
(246, 'selbstschließend', 'self closing', 'SC', '2019-09-25', 'DIN EN 806-1'),
(247, 'Umluftkühlgerät', 'circulation air cooling', 'CAC', '2019-10-29', ''),
(248, 'Sorption', 'sorption', 'SPT', '2019-09-25', ''),
(249, 'Fassadenlüftungsgerät', 'facade ventilation unit', 'FVU', '2019-09-25', ''),
(250, 'Heizkörper', 'radiator', 'RAD', '2019-09-25', ''),
(252, 'Befehl', 'command', 'COM', '2019-09-25', 'only as vocabulary (without function)'),
(253, 'Datenquelle', 'data source', 'DS', '2019-09-25', ''),
(254, 'Mehrere Systeme', 'multiple system', 'MUL', '2019-09-25', 'if multiple systems are measured with this point'),
(255, 'System', 'System', 'SYS', '2019-09-25', 'not used as abbreviation'),
(256, 'Subsystem', 'Subsystem', 'SSYS', '2019-09-25', 'not used as abbreviation'),
(257, 'Medium', 'Medium', 'MED', '2019-09-25', 'not used as abbreviation'),
(258, 'Medium 2. Spezifizierung', 'Medium 2nd specification', 'MED2', '2019-09-25', 'not used as abbreviation'),
(259, 'Medium 3. Spezifizierung', 'Medium 3rd specification', 'MED3', '2019-09-25', 'not used as abbreviation'),
(260, 'Signaltyp', 'Signal type', 'ST', '2019-09-25', 'not used as abbreviation'),
(261, 'Signaltyp 2. Spezifizierung', 'Signal type 2nd specification', 'ST2', '2019-09-25', 'not used as abbreviation'),
(262, 'Funktionsart', 'Function type', 'FT', '2019-09-25', 'not used as abbreviation'),
(263, 'Raumlufttechnische Anlage', 'air handling unit', 'AHU', '2019-09-25', ''),
(264, 'Subsubsystem', 'Subsubsystem', 'SSSYS', '2019-09-25', 'not used as abbreviation'),
(265, 'Tür', 'door', 'DOR', '2019-09-25', ''),
(266, 'Tor', 'gate', 'GAT', '2019-09-25', ''),
(268, 'Adiabatik', 'adiabatic', 'ADI', '2019-09-25', ''),
(269, 'Adiabatische Kühlung', 'adiabatic cooling', 'C.ADI', '2019-09-25', ''),
(270, 'Prozessanlage', 'process system', 'PRO', '2019-09-25', ''),
(271, 'Rauchabzug', 'smoke extraction', 'SM.ETA', '2019-09-25', ''),
(272, 'Natürlich', 'natural', 'NAT', '2019-09-25', ''),
(273, 'Maschinell', 'mechanical', 'MEC', '2019-09-25', ''),
(275, 'Notfall', 'emergency', 'EMR', '2019-09-25', ''),
(276, 'Medienversorgungsanlage', 'media supply system', 'MED.SUP', '2019-09-25', ''),
(277, 'Druckluftversorgung', 'compressed air supply', 'COMP', '2019-09-25', ''),
(278, 'Druckregelung', 'pressure regulation', 'P.CONTR', '2019-09-25', ''),
(279, 'Vakuumanlage', 'vacuum equipment', 'EQ.VAC', '2019-09-25', ''),
(280, 'Entsorgungsanlage', 'disposal facility', 'DISP', '2019-09-25', ''),
(281, 'Abfallentsorgung', 'waste disposal', 'WAST', '2019-09-25', ''),
(282, 'Staubsauganlage', 'vacuum cleaning', 'VAC.CLEAN', '2019-09-25', ''),
(283, 'Medizintechnische Anlage', 'medical technical plant', 'MEDIC', '2019-09-25', ''),
(284, 'Medizinische Gasversorgung', 'medical gas supply', 'MEDIC.GAS', '2019-09-25', ''),
(285, 'Digestorium', 'fume cupboard', 'FUME.CUP', '2019-09-25', ''),
(286, 'Labortechnische Anlage', 'laboratory equipment', 'LAB', '2019-09-25', ''),
(287, 'Reinigungsanlage', 'cleaning system', 'CLEAN', '2019-09-25', ''),
(288, 'Wäschereianlage', 'laundry system', 'LAUND', '2019-09-25', ''),
(289, 'Desinfektionsanlage', 'disinfection unit', 'DISI', '2019-09-25', ''),
(290, 'Sterilisationseinrichtung', 'sterilisation system', 'STER', '2019-09-25', ''),
(291, 'Solaranlage', 'solar power system', 'SOL', '2019-09-25', ''),
(292, 'Reindampferzeugung', 'clean steam generation', 'CLEAN.STE.GEN', '2019-09-25', ''),
(293, 'Schaltschrank', 'control cabinet', 'CC', '2019-09-25', ''),
(294, 'Heizkreis', 'heating circulation', 'H.CRC', '2019-09-25', ''),
(295, 'Deckenstrahlplatte', 'ceiling radiator panel', 'CLG.RAD', '2019-09-25', ''),
(296, 'Abgasanlage', 'emissions system', 'EMIS', '2019-09-25', ''),
(297, 'Batterie', 'battery', 'BAT', '2019-09-25', ''),
(298, 'Begleitheizung', 'trace heating', 'H.TRACE', '2019-09-25', ''),
(299, 'Brennstoffversorgung', 'fuel supply', 'FUEL.SUP', '2019-09-25', ''),
(300, 'Deckendrallauslass', 'ceiling swirl diffuser', 'CLG.SWD', '2019-09-25', ''),
(301, 'Ersatzstromanlage', 'stand-by power system', 'POW.STB', '2019-09-25', ''),
(302, 'Fassadenheizung', 'façade heating', 'FAC.H', '2019-09-25', ''),
(303, 'Flächenheizung', 'panel heating', 'PAN.H', '2019-09-25', ''),
(304, 'Glykolprotektor', 'glycol protector', 'PT.GLY', '2019-09-25', ''),
(305, 'Ölprotektor', 'oil protector', 'PT.OIL', '2019-09-25', ''),
(306, 'Induktionsgerät', 'induction device', 'IND', '2019-09-25', ''),
(307, 'Kältekreis', 'cooling circulation', 'C.CRC', '2019-09-25', ''),
(308, 'Kältetrockner', 'refrigerant dryer', 'REF.DRY', '2019-09-25', ''),
(309, 'Energiewandlung', 'energy conversion', 'EN.CON', '2019-09-25', ''),
(310, 'Kleinkälteanlage', 'small refrigeration unit', 'REF.SU', '2019-09-25', ''),
(311, 'Kreislaufverbundsystem', 'circulatory system', 'HRC.CRC', '2019-09-25', ''),
(312, 'Teilklimaanlage', 'partial air-conditioning system', 'PART', '2019-09-25', ''),
(313, 'Türluftschleieranlage', 'air curtain system', 'CURT', '2019-09-25', ''),
(314, 'Unterbrechungsfreie Stromversorgung', 'uninterruptible power supply', 'UPS', '2019-09-25', ''),
(315, 'UV-Filter', 'UV filter', 'UV.FIL', '2019-09-25', ''),
(316, 'Vollklimaanlage', 'full air-conditioning system', 'FULL', '2019-09-25', ''),
(317, 'Windstärke', 'wind force', 'WIND.FOR', '2019-09-25', ''),
(318, 'Druckhaltung', 'pressure maintenance', 'P.MNT', '2019-09-25', ''),
(319, 'Außenanlage', 'outdoor facility', 'ODF', '2019-10-06', ''),
(320, 'Küchentechnische Anlage', 'kitchen technology system', 'KIT', '2019-09-25', ''),
(321, 'nach Kühler', 'after cooler', 'AF.C', '2019-09-25', ''),
(322, 'nach Vorerhitzer', 'after pre-heater', 'AF.H.PR', '2019-09-25', ''),
(323, 'vor Kühler', 'before cooler', 'BEF.C', '2019-09-25', ''),
(324, 'vor Vorerhitzer', 'before pre-heater', 'BEF.H.PR', '2019-09-25', ''),
(325, 'Abgas', 'exhaust gas', 'GAS.EHA', '2019-09-25', ''),
(326, 'Zirkulation', 'circulation', 'CRC', '2019-09-25', ''),
(327, 'Taupunkt', 'dew point', 'DEW', '2019-09-25', ''),
(328, 'Begrenzer', 'limiter', 'LIM', '2019-09-25', ''),
(329, 'Wächter', 'monitor', 'MON', '2019-09-25', ''),
(330, 'Direktverdampfer', 'direct evaporator', 'DIR', '2019-09-25', ''),
(331, 'Elektroerhitzer', 'electrical heater', 'EL', '2019-09-25', ''),
(332, 'Elektronacherhitzer', 'electric re-heater', 'EL', '2019-09-25', ''),
(333, 'Elektrovorerhitzer', 'electrical pre-heater', 'EL', '2019-09-25', ''),
(334, 'Erhitzer (allgemein)', 'heater (common)', 'H.CM', '2019-09-25', ''),
(335, 'Antrieb', 'drive', 'DRI', '2019-09-25', ''),
(336, 'Wärmerückgewinnungssystem', 'heat recovery system', 'HRCS', '2019-09-25', ''),
(337, 'Thermostat', 'thermostat', 'THT', '2019-09-25', ''),
(338, 'Wasseraufbereitung', 'water treatment', 'WTR', '2019-10-06', ''),
(339, 'Sole', 'brine', 'BRI', '2019-09-25', ''),
(340, 'Fassade', 'facade', 'FAC', '2019-09-25', ''),
(341, 'Schleuse', 'sluice', 'SLU', '2019-09-25', ''),
(342, 'Sonnenschutz', 'sunlight protection', 'SUN', '2019-09-25', ''),
(343, 'Betriebswasser', 'process water', 'PRW', '2019-09-25', ''),
(344, 'Lichtfarbe', 'light colour', 'LI.COL', '2019-09-25', ''),
(345, 'Lichtintensität rot', 'red light intensity', 'LI.INT.RED', '2019-09-25', ''),
(346, 'Lichtintensität grün', 'green light intensity', 'LI.INT.GRE', '2019-09-25', ''),
(347, 'Lichtintensität blau', 'blue light intensity', 'LI.INT.BLU', '2019-09-25', ''),
(348, 'Winkelposition', 'angle position', 'POS.AN', '2019-09-25', ''),
(349, 'Verschattungsposition', 'shading position', 'POS.SH', '2019-09-25', ''),
(350, 'Fahrbefehl', 'movement command', 'COM.MOV', '2019-09-25', ''),
(351, 'Gradtagszahl', 'degree day number', 'DDN', '2019-09-25', ''),
(352, 'Dampfmenge', 'steam', 'STE', '2019-09-25', ''),
(353, 'Gerät', 'device', 'D', '2019-09-25', ''),
(354, 'Verdunklung', 'blackout', 'BLA', '2019-09-25', ''),
(355, 'Rollläden', 'roller shutters', 'ROL', '2019-09-25', ''),
(356, 'Markise', 'awning', 'AWN', '2019-09-25', ''),
(357, 'Jalousie', 'blind', 'BLI', '2019-09-25', ''),
(360, 'Speicherprogrammierbare Steuerung', 'programmable logic controllers', 'PLC', '2019-09-25', ''),
(361, 'Automationsstation', 'automation station equipment', 'ASE', '2019-09-25', ''),
(362, 'Bus-Linien-Koppler', 'bus line coupler', 'BLC', '2019-09-25', ''),
(363, 'Datenschnittstelleneinheit', 'data interface unit', 'DIU', '2019-09-25', ''),
(364, 'Feldbusmodul', 'fieldbus module', 'FBM', '2019-09-25', ''),
(365, 'Förderanlagen', 'conveyors', 'CVY', '2019-09-25', ''),
(366, 'Lastenaufzug', 'goods elevator', 'ELE.GOD', '2019-10-25', ''),
(367, 'Personenaufzug', 'passenger elevator', 'ELE.PAS', '2019-10-25', ''),
(368, 'Aktentransportanlage', 'file transportation system', 'FTS', '2019-09-25', ''),
(369, 'Aufzug', 'elevator', 'ELE', '2019-10-25', ''),
(370, 'Befahranlage', 'inspection system', 'INS', '2019-09-25', ''),
(371, 'Fahrsteige', 'moving walkways', 'WALK', '2019-09-25', ''),
(372, 'Fahrtreppe', 'escalator', 'ESC', '2019-09-25', ''),
(373, 'Fassadenaufzug', 'external elevator', 'ELE.EXT', '2019-10-25', ''),
(374, 'Gepäckförderanlage', 'baggage conveyor system', 'BCS', '2019-09-25', ''),
(375, 'Rohrpostanlage', 'pneumatic delivery system', 'PDS', '2019-09-25', ''),
(376, 'Warentransportanlage', 'goods transportation facility', 'GOTF', '2019-09-25', ''),
(377, 'Brunnen', 'well', 'WEL', '2019-09-25', ''),
(378, 'Regenrückhaltebecken', 'rainwater retention basin', 'RRB', '2019-09-25', ''),
(379, 'Zisternenanlage', 'cistern system', 'CIS', '2019-09-25', ''),
(380, 'Sprinkleranlage', 'sprinkler system', 'SPR', '2019-09-25', ''),
(381, 'Wandhydrantenanlage', 'wall hydrant system', 'WHS', '2019-09-25', ''),
(382, 'Hebeanlage', 'lifting system', 'LIFS', '2019-09-25', ''),
(383, 'Wasseraufbereitungsanlage', 'water treatment system', 'WTS', '2019-09-25', ''),
(384, 'Nachspeiseanlage', 'back-feed system', 'BFS', '2019-09-25', ''),
(385, 'Neutralisationsanlage', 'neutralisation plant', 'NEU', '2019-09-25', ''),
(386, 'Druckerhöhungsanlage', 'pressure booster system', 'PBS', '2019-09-25', ''),
(387, 'Enthärtungsanlage', 'softening unit', 'SOFU', '2019-09-25', ''),
(388, 'Umkehrosmoseanlage', 'reverse osmosis system', 'REVO', '2019-10-06', ''),
(389, 'Vollentsalzungsanlage', 'desalination plant', 'DES', '2019-09-25', ''),
(390, 'Abscheideranlage', 'separator facility', 'SEP', '2019-09-25', ''),
(391, 'Dosieranlage', 'dispensing installation', 'DISPI', '2019-10-06', ''),
(392, 'Badetechnische Anlage', 'bathing facility', 'BATH', '2019-09-25', ''),
(393, 'Überlaufüberwachung', 'overflow monitoring', 'OFM', '2019-09-25', ''),
(394, 'Kommunikations-, sicherheits- und informationstechnische Anlage', 'communication, safety and information technology system', 'CSI', '2019-09-25', ''),
(395, 'Netz zur Übertragung von Daten, Sprache, Text und Bild', 'network for the transmission of data, voice, text and images', 'LAN', '2019-09-25', ''),
(396, 'Fernwirkanlage', 'remote control system', 'REM', '2019-09-25', ''),
(397, 'Tableau', 'tableau', 'TAB', '2019-09-25', ''),
(398, 'Parkleitsysteme', 'parking guidance systems', 'PGS', '2019-09-25', ''),
(399, 'Telekommunikationsanlage', 'telecommunications system', 'TEL', '2019-09-25', ''),
(400, 'Lichtrufanlage', 'call signalling system', 'CSS', '2019-09-25', ''),
(401, 'Türsprech- und -öffneranlage', 'door intercom and door opener system', 'DIOS', '2019-09-25', ''),
(402, 'Personenrufanlage', 'paging system', 'PAG', '2019-09-25', ''),
(403, 'Uhren- und Zeiterfassungsanlage', 'clock and time recording system', 'CLOCK', '2019-09-25', ''),
(404, 'Elektroakustische Anlage, Beschallungsanlage', 'electro-acoustic system, sound systems', 'ACO', '2019-09-25', ''),
(405, 'Konferenz- und Dolmetscheranlage', 'conference and interpreting equipment', 'CONF', '2019-09-25', ''),
(406, 'Gegensprechanlage', 'intercom system', 'INT1', '2019-09-25', ''),
(407, 'Sprachalarmierungsanlage', 'voice alarm system', 'VOICE', '2019-09-25', ''),
(408, 'Wechselsprechanlage', 'intercommunication system', 'INT2', '2019-09-25', ''),
(409, 'Fernsehanlage', 'television system', 'TV', '2019-09-25', ''),
(410, 'Sende- und Empfangsantennenanlage', 'transmitting and receiving antenna system', 'TRAS', '2019-10-06', ''),
(411, 'BOS-Funkanlage', 'BOS (Germany emergency services) radio system', 'BOS', '2019-09-25', ''),
(412, 'Feuerwehrtableau', 'fire control tableau', 'TAB.FIRE', '2019-09-25', ''),
(413, 'Küchentableau', 'kitchen tableau', 'TAB.KIT', '2019-09-25', ''),
(414, 'Sprachalarmierungszentrale', 'voice alarm centre', 'VOAC', '2019-10-06', ''),
(415, 'Management- und Bedieneinrichtung', 'management and operating equipment', 'MOS', '2019-09-25', ''),
(416, 'Brandmeldeanlage', 'fire detection system', 'FD', '2019-09-25', ''),
(417, 'CO-Warnanlage', 'carbon monoxide warning system', 'CO.WARN', '2019-09-25', ''),
(418, 'Einbruchmeldeanlage', 'burglar alarm system', 'BUR.ALA', '2019-09-25', ''),
(419, 'Fluchtwegsicherungsanlage', 'escape route protection system', 'ERP', '2019-09-25', ''),
(420, 'Gefahrenmeldeanlage', 'hazard detection system', 'HDS', '2019-09-25', ''),
(421, 'Gaswarnanlage', 'gas warning system', 'GAS.WARN', '2019-09-25', ''),
(422, 'Rauchansaugsystem', 'smoke aspiration system', 'SAS', '2019-09-25', ''),
(423, 'Raumbeobachtungsanlage', 'room observation system', 'ROS', '2019-09-25', ''),
(424, 'Überfallmeldeanlage', 'robbery alarm system', 'RAS', '2019-09-25', ''),
(425, 'Wächterkontrollanlage', 'guard control system', 'GCS', '2019-09-25', ''),
(426, 'Notrufanlage', 'emergency call system', 'ECS', '2019-09-25', ''),
(427, 'Zugangskontrollsystem', 'access control system', 'ACS', '2019-09-25', ''),
(428, 'Alarmanlage', 'alarm system', 'EQ.ALA', '2019-09-25', ''),
(429, 'Brandmeldezentrale', 'central fire detection system', 'FD.CEN', '2019-09-25', ''),
(430, 'Rauchschutzvorhang', 'smoke protection screen', 'SM.PS', '2019-09-25', ''),
(431, 'Elektrische Anlage', 'electrical system', 'EL', '2019-09-25', ''),
(433, 'Notstromaggregat', 'emergency power generator unit', 'POW.GEN.EMR', '2019-09-25', ''),
(434, 'Schaltanlagen', 'switchgear', 'SWIG', '2019-09-25', ''),
(435, 'Transformator', 'transformer', 'TRF', '2019-09-25', ''),
(436, 'Mittelspannungsanlage', 'medium-voltage system', 'VS.ME', '2019-09-25', ''),
(437, 'Kompensationsanlage', 'compensation system', 'COMPEN', '2019-09-25', ''),
(438, 'Frequenzumformeranlage', 'frequency converter system', 'FCS', '2019-09-25', ''),
(439, 'Allgemeine Stromversorgung', 'general power supply', 'GPS', '2019-09-25', ''),
(440, 'Sicherheitsstromversorgung', 'safety power supply', 'SPS', '2019-09-25', ''),
(441, 'Niederspannungsanlage', 'low-voltage system', 'EQ.LV', '2019-09-25', ''),
(443, 'Starkstrom', 'high-voltage', 'HV', '2019-09-25', ''),
(444, 'Lasttrennschalter', 'load-break switch', 'LBS', '2019-09-25', ''),
(445, 'Leistungsschalter', 'circuit breaker', 'CIB', '2019-09-25', ''),
(446, 'Kuppelschalter', 'coupling switch', 'COS', '2019-09-25', ''),
(447, 'Netzanalysegerät', 'network analyser', 'NA', '2019-09-25', ''),
(449, 'Gaslöschanlage', 'gas extinguishing system', 'EXTI.GAS', '2019-09-25', ''),
(450, 'Löschanlage', 'extinguishing system', 'EXTI', '2019-09-25', ''),
(451, 'Nebellöschanlage', 'mist-extinguishing system', 'EXTI.MIS', '2019-09-25', ''),
(452, 'Feuerlöschanlage', 'fire extinguisher', 'EXTI.FIRE', '2019-09-25', ''),
(453, 'NOx-Anlage', 'NOx system', 'NOX', '2019-09-25', ''),
(454, 'Technische Gasversorgung', 'technical gas supply', 'TEC.GAS', '2019-09-25', ''),
(455, 'Nutzungsspezifische und verfahrenstechnische Anlage', 'usage-specific and process-engineering plant', 'USE', '2019-09-25', 'DIN 276:2018-12'),
(456, 'Wärme', 'heat', 'H', '2019-09-25', ''),
(457, 'Abwasser-, Wasser-, Gasanlage', 'sewage, water, gas plant', 'SWG', '2019-09-25', ''),
(458, 'Rauchmelder', 'smoke detector', 'SM', '2019-09-25', ''),
(459, 'Sicherheit', 'safety ', 'SAF', '2019-09-25', ''),
(460, 'Kaltwassererzeugung', 'cold water generation', 'C.WG', '2019-09-25', ''),
(461, 'Kühler', 'cooler', 'C', '2019-09-25', ''),
(462, 'motorisch', 'motorised', 'MO', '2019-09-25', ''),
(463, 'Nachström', 'vent', 'VE', '2019-09-25', ''),
(464, 'Rauchdruck', 'smoke pressure', 'SM.P', '2019-09-25', ''),
(465, 'Rauchschutz', 'smoke protection', 'SM.PT', '2019-09-25', ''),
(466, 'Systemverteiler', 'system distributor', 'SD', '2019-09-25', ''),
(467, 'Raumbediengerät', 'room control unit', 'RCU', '2019-09-25', ''),
(468, 'Sonneneinstrahlung', 'solar radiation', 'SOL.RADI', '2019-09-25', ''),
(469, 'Strömung', 'flux', 'FLU', '2019-09-25', ''),
(470, 'variabel', 'variable', 'VR', '2019-09-25', ''),
(471, 'Wassererhitzer', 'water heater', 'WS', '2019-09-25', ''),
(472, 'Wassermangel', 'low-water', 'LW', '2019-09-25', ''),
(473, 'Wassernacherhitzer', 'water re-heater', 'WS', '2019-09-25', ''),
(474, 'Wasservorerhitzer', 'water pre-heater', 'WS', '2019-09-25', ''),
(475, 'Elektrolufterhitzer', 'electrical air heater', 'EL', '2019-09-25', ''),
(476, 'Wasserlufterhitzer', 'water air heater', 'WS', '2019-09-25', ''),
(477, 'Wassermenge', 'water quantity', 'WS', '2019-09-25', ''),
(478, 'Gasmenge', 'gas quantity', 'GAS', '2019-09-25', ''),
(480, 'vor Nacherhitzer', 'before reheater', 'BEF.H.RE', '2019-09-25', ''),
(481, 'nach Nacherhitzer', 'after reheater', 'AF.H.RE', '2019-09-25', ''),
(482, 'Sicherheitstemperatur', 'safety temperature', 'SAF.T', '2019-09-25', ''),
(483, 'Event-Enrollment-Objekt', 'event enrollment object', 'EE', '2019-09-25', ''),
(484, 'Gefahrmeldung', 'danger alarm', 'ALA.DAN', '2019-09-25', ''),
(485, 'Group-Objekt', 'group object', 'GR', '2019-09-25', ''),
(486, 'LVB-Handmeldung', 'local priority and operating units manual message', 'LPO', '2019-09-25', ''),
(487, 'Heizkennlinie Parallelverschiebung', 'heating characteristic curve parallel displacement', 'HCC.PD', '2019-09-25', ''),
(488, 'Heizkennlinie Steilheit', 'heating characteristic curve steepness', 'HCC.STE', '2019-09-25', ''),
(489, 'Nachtabsenkung', 'night reduction', 'NR', '2019-09-25', ''),
(490, 'Hysterese', 'hysteresis', 'HYS', '2019-09-25', ''),
(491, 'Anforderung', 'requirement', 'REQ', '2019-09-25', ''),
(492, 'Anlagenschalter', 'equipment switch', 'SWI.EQ', '2019-09-25', ''),
(493, 'Berechneter Grenzwert', 'calculated limit value', 'LIM.CALC', '2019-09-25', ''),
(494, 'Berechneter Sollwert', 'calculated setpoint', 'SP.CALC', '2019-09-25', ''),
(495, 'Betriebsbereit', 'ready for operation', 'OPR.RDY', '2019-09-25', ''),
(496, 'Betriebsstunden Grenzwert', 'hours of operation limit value', 'OPR.TIM.LIM', '2019-09-25', ''),
(497, 'Command-Objekt', 'command object', 'COM', '2019-09-25', ''),
(498, 'PID-Regler (P-Anteil)', 'PID controller (P component)', 'PC', '2019-09-25', ''),
(499, 'PID-Regler (I-Anteil)', 'PID controller (I component)', 'IC', '2019-09-25', ''),
(500, 'PID-Regler (D-Anteil)', 'PID controller (D component)', 'DC', '2019-09-25', ''),
(501, 'Einschaltfehler', 'switch-on error', 'SWI.ERR', '2019-09-25', ''),
(502, 'Grenzwert Nacht', 'night limit', 'LIM.NIG', '2019-09-25', ''),
(503, 'Grenzwert Tag', 'day limit', 'LIM.DAY', '2019-09-25', ''),
(504, 'Calendar-Objekt', 'calendar object', 'CAL', '2019-09-25', ''),
(505, 'Kalender', 'calendar', 'CAL', '2019-09-25', ''),
(506, 'Loop-MAX-Begrenzung', 'loop MAX limit', 'LOO.LIM.MAX', '2019-09-25', ''),
(507, 'Loop-MIN-Begrenzung', 'loop MIN limit', 'LOO.LIM.MIN', '2019-09-25', ''),
(508, 'Loop-Objekt', 'loop object', 'LOO', '2019-09-25', ''),
(509, 'Nachlaufzeit', 'follow-up time', 'TIM.FU', '2019-09-25', ''),
(510, 'Nachstellzeit', 'reset time', 'TIM.RES', '2019-09-25', ''),
(511, 'Notification-Class-Objekt', 'notification class object', 'NC', '2019-09-25', ''),
(512, 'Programm', 'program', 'PRG', '2019-09-25', ''),
(513, 'Rückmeldung', 'feedback', 'FB', '2019-09-25', ''),
(515, 'Rückmeldefehler', 'feedback error', 'FB.ERR', '2019-09-25', ''),
(516, 'Ausführkontrolle', 'execution control', 'CTRL.EX', '2019-09-25', ''),
(517, 'Scheduler', 'scheduler', 'SCH', '2019-09-25', ''),
(518, 'Sollwert, maximal', 'setpoint, maximum', 'SP.MAX', '2019-09-25', ''),
(519, 'Sollwert, mechanisch', 'setpoint, mechanical', 'SP.MEC', '2019-09-25', ''),
(520, 'Sollwert, minimal', 'setpoint, minimum', 'SP.MIN', '2019-09-25', ''),
(521, 'Sollwert Nacht', 'night setpoint', 'SP.NIG', '2019-09-25', ''),
(522, 'Sollwert Tag', 'day setpoint', 'SP.DAY', '2019-09-25', ''),
(523, 'Sollwertversteller', 'setpoint adjuster', 'SP.ADJ', '2019-09-25', ''),
(524, 'Taster', 'button', 'BT', '2019-09-25', ''),
(525, 'Totzone', 'dead zone', 'DZ', '2019-09-25', ''),
(526, 'Trend-Log-Multiple-Objekt', 'trend log multiple object', 'TLM', '2019-09-25', ''),
(527, 'Trend-Log-Objekt', 'trend log object', 'TL', '2019-09-25', ''),
(528, 'Wirkungsgrad', 'efficiency', 'EF', '2019-09-25', ''),
(529, 'Zeitprogramm', 'time program', 'PRG.TIM', '2019-09-25', ''),
(530, 'Heizkennlinie Exponent', 'heating characteristic curve exponent', 'HCC.EXP', '2019-09-25', ''),
(531, 'Sollwertverstellung, mechanisch', 'setpoint adjustment, mechanical', 'SP.ADJ.MEC', '2019-09-25', ''),
(533, 'Entriegelung', 'unlocking device', 'UD', '2019-09-25', ''),
(534, 'Sollwert Heizen', 'heating setpoint', 'SP.H', '2019-09-25', ''),
(535, 'Sollwert Kühlen', 'cooling setpoint', 'SP.C', '2019-09-25', ''),
(536, 'Objekt', 'object', 'O', '2019-09-25', ''),
(537, 'PID Regler', 'PID control', 'PID', '2019-09-25', ''),
(538, 'Laufzeitfehler', 'runtime error', 'RUN.ERR', '2019-09-25', ''),
(539, 'Gebäudeautomation', 'building automation', 'BA', '2019-09-25', ''),
(540, 'Anlagensignal', 'equipment signal', 'ES', '2019-09-25', ''),
(541, 'Kondensation', 'condensation', 'COND', '2019-09-25', ''),
(542, 'Schlechtpunktfühler', 'index circuit sensor', 'INDC', '2019-09-25', ''),
(543, 'Licht', 'light', 'LI', '2019-09-25', ''),
(545, 'Quadratmeter', 'Square-meters', 'm2', '2019-09-26', 'ISO 16484-5'),
(546, 'Milliampere', 'Milliamperes', 'mA', '2019-09-26', 'ISO 16484-5'),
(547, 'Ampere', 'Amperes', 'A', '2019-09-26', 'ISO 16484-5'),
(548, 'Ohm', 'Ohms', 'OH', '2019-09-26', 'ISO 16484-5'),
(549, 'Volt', 'Volts', 'V', '2019-09-26', 'ISO 16484-5'),
(550, 'Kilovolt', 'Kilo-volts', 'kV', '2019-09-26', 'ISO 16484-5'),
(551, 'Megavolt', 'Mega-volts', 'MV', '2019-09-26', 'ISO 16484-5'),
(552, 'Voltampere', 'Volt-amperes', 'VA', '2019-09-26', 'ISO 16484-5'),
(553, 'Kilovoltampere', 'Kilo-volt-amperes', 'kVA', '2019-09-26', 'ISO 16484-5'),
(554, 'Megavoltampere', 'Mega-volt-amperes', 'MVA', '2019-09-26', 'ISO 16484-5'),
(555, 'Voltampere-reaktiv', 'Volt-amperes-reactive', 'var', '2019-09-26', 'ISO 16484-5'),
(556, 'Kilovoltampere-reaktiv', 'Kilo-volt-amperes-reactive', 'kvar', '2019-09-26', 'ISO 16484-5'),
(557, 'Megavoltampere-reaktiv', 'Mega-volt-amperes-reactive', 'Mvar', '2019-09-26', 'ISO 16484-5'),
(558, 'Leistungsfaktor cos phi', 'power-factor', 'PF', '2019-09-26', 'ISO 16484-5'),
(559, 'Joule', 'Joules', 'J', '2019-09-26', 'ISO 16484-5'),
(560, 'Kilojoule', 'Kilojoules', 'kJ', '2019-09-26', 'ISO 16484-5'),
(561, 'Wattstunden', 'Watt-hours', 'Wh', '2019-09-26', 'ISO 16484-5'),
(562, 'Kilowattstunden', 'Kilowatt-hours', 'kWh', '2019-09-26', 'ISO 16484-5'),
(563, 'Joule pro Kg trockene Luft', 'Joules-per-kilogram-dry-air', 'J.kg', '2019-09-26', 'ISO 16484-5'),
(564, 'Zyklen pro Stunde', 'Cycles-per-hour', 'c.h', '2019-09-26', 'ISO 16484-5'),
(565, 'Zyklen pro Minute', 'Cycles-per-minute', 'c.min', '2019-09-26', 'ISO 16484-5'),
(566, 'Hertz', 'Hertz', 'Hz', '2019-09-26', 'ISO 16484-5'),
(567, 'Gramm Wasser pro kg Luft', 'Grams-of-water-per-kilogram-dry-air', 'g.kg.DRA', '2019-09-26', 'ISO 16484-5'),
(568, '% relative Feuchte', 'Percent-relative-humidity', 'perc.RH', '2019-09-26', 'ISO 16484-5'),
(569, 'Millimeter', 'Millimeters', 'mm', '2019-09-26', 'ISO 16484-5'),
(570, 'Meter', 'Meters', 'm', '2019-09-26', 'ISO 16484-5'),
(571, 'Watt pro Quadratmeter', 'Watts-per-square-meter', 'W.m2', '2019-09-26', 'ISO 16484-5'),
(572, 'Lumen', 'Lumens', 'lm', '2019-09-26', 'ISO 16484-5'),
(573, 'Lux', 'Luxes', 'lx', '2019-09-26', 'ISO 16484-5'),
(574, 'Kilogramm', 'Kilograms', 'kg', '2019-09-26', 'ISO 16484-5'),
(575, 'Tonnen', 'Tons', 't', '2019-09-26', 'ISO 16484-5'),
(576, 'Kilogramm pro Sekunde', 'Kilograms-per-second', 'kg.s', '2019-09-26', 'ISO 16484-5'),
(577, 'Kilogramm pro Minute', 'Kilograms-per-minute', 'kg.min', '2019-09-26', 'ISO 16484-5'),
(578, 'Kilogramm pro Stunde', 'Kilograms-per-hour', 'kg.h', '2019-09-26', 'ISO 16484-5'),
(579, 'Watt', 'Watts', 'W', '2019-09-26', 'ISO 16484-5'),
(580, 'Kilowatt', 'Kilowatts', 'kW', '2019-09-26', 'ISO 16484-5'),
(581, 'Megawatt', 'Megawatts', 'MW', '2019-09-26', 'ISO 16484-5'),
(582, 'Pferdestärke', 'Horsepower', 'PS', '2019-09-26', 'ISO 16484-5'),
(583, 'Pascal', 'Pascals', 'Pa', '2019-09-26', 'ISO 16484-5'),
(584, 'Kilo-Pascal', 'Kilopascals', 'kPa', '2019-09-26', 'ISO 16484-5'),
(585, 'Bar', 'Bars', 'bar', '2019-09-26', 'ISO 16484-5'),
(586, 'Grad Celsius', 'Degrees-Celsius', '.C', '2019-09-26', 'ISO 16484-5'),
(587, 'Kelvin', 'Degrees-Kelvin', '.K', '2019-09-26', 'ISO 16484-5'),
(588, 'Jahre', 'Years', 'a', '2019-09-26', 'ISO 16484-5'),
(589, 'Monate', 'Months', 'Mon', '2019-09-26', 'ISO 16484-5'),
(590, 'Wochen', 'Weeks', 'We', '2019-09-26', 'ISO 16484-5'),
(591, 'Tage', 'Days', 'd', '2019-09-26', 'ISO 16484-5'),
(592, 'Stunden', 'Hours', 'h', '2019-09-26', 'ISO 16484-5'),
(593, 'Minuten', 'Minutes', 'min', '2019-09-26', 'ISO 16484-5'),
(594, 'Sekunden', 'Seconds', 's', '2019-09-26', 'ISO 16484-5'),
(595, 'Meter pro Sekunde', 'Meters-per-second', 'm.s', '2019-09-26', 'ISO 16484-5'),
(596, 'Kilometer pro Stunde', 'Kilometers-per-hour', 'km.h', '2019-09-26', 'ISO 16484-5'),
(597, 'Kubikmeter', 'Cubic-meters', 'm3', '2019-09-26', 'ISO 16484-5'),
(598, 'Liter', 'Liters', 'l', '2019-09-26', 'ISO 16484-5'),
(599, 'Liter pro Sekunde', 'Liters-per-second', 'l.s', '2019-09-26', 'ISO 16484-5'),
(600, 'Liter pro Minute', 'Liters-per-minute', 'l.min', '2019-09-26', 'ISO 16484-5'),
(601, 'Gradmaß', 'Degrees-angular', '.ang', '2019-09-26', 'ISO 16484-5'),
(602, 'Grad Celsius pro Stunde', 'Degrees-Celsius-per-hour', '.C.h', '2019-09-26', 'ISO 16484-5'),
(603, 'Grad Celsius pro Minute', 'Degrees-Celsius-per-minute', '.C.min', '2019-09-26', 'ISO 16484-5'),
(604, '(ohne Einheit)', 'No-units', '0', '2019-09-26', 'ISO 16484-5'),
(605, 'Teile pro Million', 'Parts-per-million', 'ppm', '2019-09-26', 'ISO 16484-5'),
(606, 'Teile pro Milliarde', 'Parts-per-billion', 'ppb', '2019-09-26', 'ISO 16484-5'),
(607, 'Prozent', 'Percent', 'perc', '2019-09-26', 'ISO 16484-5'),
(608, 'Prozent pro Sekunde', 'Percent-per-second', 'perc.s', '2019-09-26', 'ISO 16484-5'),
(609, 'Pro Minute', 'Per-minute', '1.min', '2019-09-26', 'ISO 16484-5'),
(610, 'Pro Sekunde', 'Per-second', '1.s', '2019-09-26', 'ISO 16484-5'),
(611, 'Bogenmaß', 'Radians', 'rad', '2019-09-26', 'ISO 16484-5'),
(612, 'Umdrehungen pro Minute', 'Revolutions-per-minute', 'rpm', '2019-09-26', 'ISO 16484-5'),
(613, 'Euro', 'Currency1', 'EUR', '2019-09-26', 'ISO 16484-5'),
(614, 'Deutsche Mark', 'Currency2', 'DM', '2019-09-26', 'ISO 16484-5'),
(615, 'Quadratzentimeter', 'Square-centimeters', 'cm2', '2019-09-26', 'ISO 16484-5'),
(616, 'Zentimeter', 'Centimeters', 'cm', '2019-09-26', 'ISO 16484-5'),
(617, 'Kelvin', 'Delta-Degrees-Kelvin', 'd.K', '2019-09-26', 'ISO 16484-5'),
(618, 'Kiloohm', 'Kilohms', 'kOH', '2019-09-26', 'ISO 16484-5'),
(619, 'Megaohm', 'Megaohms', 'MOH', '2019-09-26', 'ISO 16484-5'),
(620, 'Millivolt', 'Millivolts', 'mV', '2019-09-26', 'ISO 16484-5'),
(621, 'Kilojoule pro Kilogramm', 'Kilojoules-per-kilogram', 'kJ.kg', '2019-09-26', 'ISO 16484-5'),
(622, 'Megajoule', 'Megajoules', 'MJ', '2019-09-26', 'ISO 16484-5'),
(623, 'Joule pro Kelvin', 'Joules-per-degree-Kelvin', 'J.K', '2019-09-26', 'ISO 16484-5'),
(624, 'Joule pro kg und Kelvin', 'Joules-per-kilogram-degree-Kelvin', 'J.kgK', '2019-09-26', 'ISO 16484-5'),
(625, 'Kilohertz', 'Kilohertz', 'kHz', '2019-09-26', 'ISO 16484-5'),
(626, 'Megahertz', 'Megahertz', 'MHz', '2019-09-26', 'ISO 16484-5'),
(627, 'Pro Stunde', 'Per-hour', '1.h', '2019-09-26', 'ISO 16484-5'),
(628, 'Milliwatt', 'Milliwatts', 'mW', '2019-09-26', 'ISO 16484-5'),
(629, 'Hektopascal', 'Hectopascals', 'hPa', '2019-09-26', 'ISO 16484-5'),
(630, 'Millibar', 'Millibars', 'mbar', '2019-09-26', 'ISO 16484-5'),
(631, 'Kubikmeter pro Stunde', 'Cubic-meters-per-hour', 'm3.h', '2019-09-26', 'ISO 16484-5'),
(632, 'Liter pro Stunde', 'Liters-per-hour', 'l.h', '2019-09-26', 'ISO 16484-5'),
(633, 'Kilowattstunden pro m²', 'Kilowatt-hours-per-square-meter', 'kWh.m2', '2019-09-26', 'ISO 16484-5'),
(634, 'Megajoule pro m²', 'Megajoules-per-square-meter', 'MJ.m2', '2019-09-26', 'ISO 16484-5'),
(635, 'Watt pro m² und Kelvin', 'Watts-per-square-meter-Degree-Kelvin', 'W.m2K', '2019-09-26', 'ISO 16484-5'),
(636, '% Verdunkelung pro m', 'Percent-obscuration-per-meter', 'perc.m', '2019-09-26', 'ISO 16484-5'),
(637, 'Milliohm', 'Milliohms', 'mOH', '2019-09-26', 'ISO 16484-5'),
(638, 'Megawattstunden', 'Megawatt-hours', 'MWh', '2019-09-26', 'ISO 16484-5'),
(639, 'Kilojoule pro kg tr. Luft', 'Kilojoules-per-kilogram-dry-air', 'kJ.kgda', '2019-09-26', 'ISO 16484-5'),
(640, 'Megajoule pro kg tr. Luft', 'Megajoules-per-kilogram-dry-air', 'MJ.kgda', '2019-09-26', 'ISO 16484-5'),
(641, 'Kilojoule pro Kelvin', 'Kilojoules-per-degree-Kelvin', 'kJ.K', '2019-09-26', 'ISO 16484-5'),
(642, 'Megajoule pro Kelvin', 'Megajoules-per-degree-Kelvin', 'MJ.K', '2019-09-26', 'ISO 16484-5'),
(643, 'Newton', 'Newton', 'N', '2019-09-26', 'ISO 16484-5'),
(644, 'Gramm/Sekunde', 'Grams-per-second', 'g.s', '2019-09-26', 'ISO 16484-5'),
(645, 'Gramm/Minute', 'Grams-per-minute', 'g.min', '2019-09-26', 'ISO 16484-5'),
(646, 'Hundertstel-Sekunden', 'Hundredths-seconds', 'hu.s', '2019-09-26', 'ISO 16484-5'),
(647, 'Millisekunden', 'Milliseconds', 'ms', '2019-09-26', 'ISO 16484-5'),
(648, 'Drehmoment (1 J = 1 Ws)', 'Newton-meters', 'Nm', '2019-09-26', 'ISO 16484-5'),
(649, 'Millimeter pro Sekunde', 'Millimeters-per-second', 'mm.s', '2019-09-26', 'ISO 16484-5'),
(650, 'Millimeter pro Minute', 'Millimeters-per-minute', 'mm.min', '2019-09-26', 'ISO 16484-5'),
(651, 'Meter pro Minute', 'Meters-per-minute', 'm.min', '2019-09-26', 'ISO 16484-5'),
(652, 'Meter pro Stunde', 'Meters-per-hour', 'm.h', '2019-09-26', 'ISO 16484-5'),
(653, 'Kubikmeter pro Minute', 'Cubic-meters-per-minute', 'm3.min', '2019-09-26', 'ISO 16484-5'),
(654, 'Meter pro Sekunde²', 'Meters-per-second-per-second', 'm.s2', '2019-09-26', 'ISO 16484-5'),
(655, 'Farad', 'Farads', 'F', '2019-09-26', 'ISO 16484-5'),
(656, 'Henry', 'Henrys', 'Hen', '2019-09-26', 'ISO 16484-5'),
(657, 'Ohmmeter', 'Ohm-meters', 'OHm', '2019-09-26', 'ISO 16484-5'),
(658, 'Siemens', 'Siemens', 'S', '2019-09-26', 'ISO 16484-5'),
(659, 'Siemens pro Meter', 'Siemens-per-meter', 'S.m', '2019-09-26', 'ISO 16484-5'),
(660, 'Tesla', 'Teslas', 'T.', '2019-09-26', 'ISO 16484-5'),
(661, 'Volt pro Kelvin', 'Volts-per-degree-Kelvin', 'V.K', '2019-09-26', 'ISO 16484-5'),
(662, 'Volt pro Meter', 'Volts-per-meter', 'V.m', '2019-09-26', 'ISO 16484-5'),
(663, 'Weber', 'Webers', 'Wb', '2019-09-26', 'ISO 16484-5'),
(664, 'Candela', 'Candelas', 'cd', '2019-09-26', 'ISO 16484-5'),
(665, 'Candela pro m²', 'Candelas-per-square-meter', 'cd.m2', '2019-09-26', 'ISO 16484-5'),
(666, 'Kelvin pro Stunde', 'Kelvins-per-hour', 'K.h', '2019-09-26', 'ISO 16484-5'),
(667, 'Kelvin pro Minute', 'Kelvins-per-minute', 'K.min', '2019-09-26', 'ISO 16484-5'),
(668, 'Joule-Sekunde', 'Joule-seconds', 'Js', '2019-09-26', 'ISO 16484-5'),
(669, 'Radiant pro Sekunde', 'radians-per-second', 'rad.s', '2019-09-26', 'ISO 16484-5'),
(670, 'Quadratmeter pro Newton', 'Square-meters-per-Newton', 'm2.N', '2019-09-26', 'ISO 16484-5'),
(671, 'Kilogramm pro m³', 'Kilogram-per-cubic-meter', 'kg.m3', '2019-09-26', 'ISO 16484-5'),
(672, 'Newton-Sekunde', 'Newton-seconds', 'Ns', '2019-09-26', 'ISO 16484-5'),
(673, 'Newton pro Meter', 'Newtons-per-meter', 'N.m', '2019-09-26', 'ISO 16484-5'),
(674, 'Watt pro m und Kelvin', 'Watts-per-meter-per-degree-Kelvin', 'W.mK', '2019-09-26', 'ISO 16484-5'),
(675, 'Mikrosiemens', 'microsiemens', 'uS', '2019-09-26', 'ISO 16484-5'),
(676, 'Kilometer', 'kilometers', 'km', '2019-09-26', 'ISO 16484-5'),
(677, 'Mikrometer', 'micrometers', 'um', '2019-09-26', 'ISO 16484-5'),
(678, 'Gramm', 'grams', 'g', '2019-09-26', 'ISO 16484-5'),
(679, 'Milligramm', 'milligrams', 'mg', '2019-09-26', 'ISO 16484-5'),
(680, 'Milliliter', 'milliliters', 'ml', '2019-09-26', 'ISO 16484-5'),
(681, 'Milliliter pro Sekunde', 'milliliters-per-second', 'ml.s', '2019-09-26', 'ISO 16484-5'),
(682, 'Dezibel', 'decibels', 'dB', '2019-09-26', 'ISO 16484-5'),
(683, 'Dezibel Millivolt', 'decibels-millivolt', 'dBmV', '2019-09-26', 'ISO 16484-5'),
(684, 'Dezibel Volt', 'decibels-volt', 'dBV', '2019-09-26', 'ISO 16484-5'),
(685, 'Millisiemens', 'millisiemens', 'mS', '2019-09-26', 'ISO 16484-5'),
(686, 'Wattstunden-reaktiv', 'watt-hours-reactive', 'Whr', '2019-09-26', 'ISO 16484-5'),
(687, 'Kilowattstunde-reaktiv', 'kilowatt-hours-reactive', 'kWhr', '2019-09-26', 'ISO 16484-5'),
(688, 'Megawattstunde-reaktiv', 'megawatt-hours-reactive', 'MWhr', '2019-09-26', 'ISO 16484-5'),
(689, 'Millimeter Wassersäule', 'millimeters-of-water', 'mmWS', '2019-09-26', 'ISO 16484-5'),
(690, 'Promille', 'per-mille', 'perm', '2019-09-26', 'ISO 16484-5'),
(691, 'Gramm pro Gramm', 'grams-per-gram', 'g.g', '2019-09-26', 'ISO 16484-5'),
(692, 'Kilogramm pro Kilogramm', 'kilograms-per-kilogram', 'kg.kg', '2019-09-26', 'ISO 16484-5'),
(693, 'Gramm pro Kilogramm', 'grams-per-kilogram', 'g.kg', '2019-09-26', 'ISO 16484-5'),
(694, 'Milligramm pro Gramm', 'milligrams-per-gram', 'mg.g', '2019-09-26', 'ISO 16484-5'),
(695, 'Milligramm pro Kilogramm', 'milligrams-per-kilogram', 'mg.kg', '2019-09-26', 'ISO 16484-5'),
(696, 'Gramm pro Milliliter', 'grams-per-milliliter', 'g.ml', '2019-09-26', 'ISO 16484-5'),
(697, 'Gramm pro Liter', 'grams-per-liter', 'g.l', '2019-09-26', 'ISO 16484-5'),
(698, 'Milligramm pro Liter', 'milligrams-per-liter', 'mg.l', '2019-09-26', 'ISO 16484-5'),
(699, 'Mikrogramm pro Liter', 'micrograms-per-liter', 'ug.l', '2019-09-26', 'ISO 16484-5'),
(700, 'Gramm pro m³', 'grams-per-cubic-meter', 'g.m3', '2019-09-26', 'ISO 16484-5'),
(701, 'Milligramm pro m³', 'milligrams-per-cubic-meter', 'mg.m3', '2019-09-26', 'ISO 16484-5'),
(702, 'Mikrogramm pro m³', 'micrograms-per-cubic-meter', 'ug.m3', '2019-09-26', 'ISO 16484-5'),
(703, 'Nanogramm pro m³', 'nanograms-per-cubic-meter', 'ng.m3', '2019-09-26', 'ISO 16484-5'),
(704, 'Gramm pro cm³', 'grams-per-cubic-centimeter', 'g.cm3', '2019-09-26', 'ISO 16484-5'),
(705, 'Becquerel', 'becquerels', 'Bq', '2019-09-26', 'ISO 16484-5'),
(706, 'Kilobecquerel', 'kilobecquerels', 'kBq', '2019-09-26', 'ISO 16484-5'),
(707, 'Megabecquerel', 'megabecquerels', 'MBq', '2019-09-26', 'ISO 16484-5'),
(708, 'Gray', 'gray', 'Gy', '2019-09-26', 'ISO 16484-5'),
(709, 'Milligray', 'milligray', 'mGy', '2019-09-26', 'ISO 16484-5');
INSERT INTO `abbreviation` (`abbreviation_id`, `name_german`, `name_english`, `budo`, `version`, `comment`) VALUES
(710, 'Mikrogray', 'microgray', 'uGy', '2019-09-26', 'ISO 16484-5'),
(711, 'Sievert', 'sieverts', 'Sv', '2019-09-26', 'ISO 16484-5'),
(712, 'Millisievert', 'millisieverts', 'mSv', '2019-09-26', 'ISO 16484-5'),
(713, 'Mikrosievert', 'microsieverts', 'uSv', '2019-09-26', 'ISO 16484-5'),
(714, 'Mikrosievert pro Stunde', 'microsieverts-per-hour', 'uSv.h', '2019-09-26', 'ISO 16484-5'),
(715, 'Dezibel (a)', 'decibels-a', 'dB.a', '2019-09-26', 'ISO 16484-5'),
(716, 'Nephelometrischer Trübungswert', 'nephelometric-turbidity-unit', 'NTU', '2019-09-26', 'ISO 16484-5'),
(717, 'pH-Wert', 'pH', 'pH', '2019-09-26', 'ISO 16484-5'),
(718, 'Gramm pro m²', 'grams-per-square-meter', 'g.m2', '2019-09-26', 'ISO 16484-5'),
(719, 'Minuten pro Kelvin', 'minutes-per-degree-kelvin', 'min.K', '2019-09-26', 'ISO 16484-5'),
(720, 'Wohnen und Aufenthalt', 'living and staying', 'LIV.STAY', '2019-10-06', 'DIN 277-1, DIN 277-2'),
(721, 'Büroarbeit', 'office work', 'OFF', '2019-10-06', 'DIN 277-1, DIN 277-2'),
(722, 'Produktion, Hand- und Maschinenarbeit, Experimente', 'production, manual and machine work, experiments', 'PMME', '2019-10-06', 'DIN 277-1, DIN 277-2'),
(723, 'Lagern, Verteilen, Verkaufen', 'storage, distribution, sale', 'STO.DIS.SALE', '2019-10-06', 'DIN 277-1, DIN 277-2'),
(724, 'Bildung, Unterricht und Kultur', 'education, teaching and culture', 'EDU.TEAC.CUL', '2019-10-06', 'DIN 277-1, DIN 277-2'),
(725, 'Heilen und Pflegen', 'healing and care', 'HEAL.CARE', '2019-10-06', 'DIN 277-1, DIN 277-2'),
(726, 'Sonstige Nutzung', 'other use', 'R.OTH', '2019-10-06', 'DIN 277-1, DIN 277-2'),
(727, 'Betriebstechnische Anlage', 'operational plant', 'R.OPP', '2019-10-06', 'DIN 277-1, DIN 277-2'),
(728, 'Verkehrserschließung und -sicherung', 'traffic development and safety', 'TRAF.SAFE', '2019-10-06', 'DIN 277-1, DIN 277-2'),
(729, 'Wohnraum', 'living space', 'LIV', '2019-10-06', 'DIN 277-1, DIN 277-2'),
(730, 'Gemeinschaftsraum', 'common room', 'COMM', '2019-10-06', 'DIN 277-1, DIN 277-2'),
(731, 'Pausenraum', 'break room', 'BREA', '2019-10-06', 'DIN 277-1, DIN 277-2'),
(732, 'Warteraum', 'waiting room', 'WAIT', '2019-10-06', 'DIN 277-1, DIN 277-2'),
(733, 'Speiseraum', 'dining room', 'DINI', '2019-10-06', 'DIN 277-1, DIN 277-2'),
(734, 'Haftraum', 'detention area', 'DETE', '2019-10-06', 'DIN 277-1, DIN 277-2'),
(735, 'Schlafraum', 'dorm', 'R.DORM', '2019-10-06', 'DIN 277-1, DIN 277-2'),
(736, 'Wohndiele', 'living hall', 'LIV.HALL', '2019-10-06', 'DIN 277-1, DIN 277-2'),
(737, 'Wohnküche', 'eat-in kitchen', 'EATIN', '2019-10-06', 'DIN 277-1, DIN 277-2'),
(738, 'Wohnbalkon', 'living balcony', 'LIV.BALC', '2019-10-06', 'DIN 277-1, DIN 277-2'),
(739, 'Wohnloggia', 'living loggia', 'LIV.LOGG', '2019-10-06', 'DIN 277-1, DIN 277-2'),
(740, 'Wohnveranda', 'living veranda', 'LIV.VERA', '2019-10-06', 'DIN 277-1, DIN 277-2'),
(741, 'Terasse', 'terrace', 'TERR', '2019-10-06', 'DIN 277-1, DIN 277-2'),
(742, 'Tagesraum', 'day room', 'DAYR', '2019-10-06', 'DIN 277-1, DIN 277-2'),
(743, 'Aufenthaltsraum', 'lounge', 'LOUN', '2019-10-06', 'DIN 277-1, DIN 277-2'),
(744, 'Clubraum', 'clubroom', 'CLUB', '2019-10-06', 'DIN 277-1, DIN 277-2'),
(745, 'Bereitschaftsraum', 'stand-by room', 'R.STB', '2019-10-06', 'DIN 277-1, DIN 277-2'),
(746, 'Wandelhalle', 'foyer', 'FOY', '2019-10-06', 'DIN 277-1, DIN 277-2'),
(747, 'Pausenhalle', 'break hall', 'BREA.HALL', '2019-10-06', 'DIN 277-1, DIN 277-2'),
(748, 'Pausenfläche', 'break area', 'BREAKA', '2019-10-06', 'DIN 277-1, DIN 277-2'),
(749, 'Ruheraum', 'relaxation room', 'RELAX', '2019-10-06', 'DIN 277-1, DIN 277-2'),
(750, 'Kantine', 'canteen', 'CANTE', '2019-10-06', 'DIN 277-1, DIN 277-2'),
(751, 'Cafeteria', 'cafeteria', 'CAFE', '2019-10-06', 'DIN 277-1, DIN 277-2'),
(752, 'Tanzcafé', 'dance café', 'DANC', '2019-10-06', 'DIN 277-1, DIN 277-2'),
(753, 'Beherbergungsraum', 'lodging room', 'LODG', '2019-10-06', 'DIN 277-1, DIN 277-2'),
(754, 'Teeküche', 'kitchenette', 'KITCT', '2019-10-06', 'DIN 277-1, DIN 277-2'),
(755, 'Büroraum', 'office', 'OFF.R', '2019-10-06', 'DIN 277-1, DIN 277-2'),
(756, 'Grossraumbüro', 'open-plan office', 'OFF.OP', '2019-10-06', 'DIN 277-1, DIN 277-2'),
(757, 'Besprechungsraum', 'meeting room', 'MEET', '2019-10-06', 'DIN 277-1, DIN 277-2'),
(758, 'Konstruktionsraum', 'construction room', 'CONST', '2019-10-06', 'DIN 277-1, DIN 277-2'),
(759, 'Schalterraum', 'counter room', 'COUNT', '2019-10-06', 'DIN 277-1, DIN 277-2'),
(760, 'Bedienungsraum', 'operator room', 'R.OPE', '2019-10-06', 'DIN 277-1, DIN 277-2'),
(761, 'Aufsichtsraum', 'supervisory room', 'SUPERV', '2019-10-06', 'DIN 277-1, DIN 277-2'),
(762, 'Bürotechnikraum', 'office technology room', 'TECH.OFF', '2019-10-06', 'DIN 277-1, DIN 277-2'),
(763, 'Sonstige Bürofläche', 'other office space', 'OFF.OTH', '2019-10-06', 'DIN 277-1, DIN 277-2'),
(764, 'Dienstraum', 'duty room', 'DUTY', '2019-10-06', 'DIN 277-1, DIN 277-2'),
(765, 'Pausenzone', 'break zone', 'Z.BREAK', '2019-10-06', 'DIN 277-1, DIN 277-2'),
(766, 'Besprechungszone', 'meeting zone', 'Z.MEET', '2019-10-06', 'DIN 277-1, DIN 277-2'),
(767, 'Verkehrsweg', 'traffic route', 'ROU.TRAF', '2019-10-06', 'DIN 277-1, DIN 277-2'),
(768, 'Prüfungsraum', 'examination room', 'EXAM', '2019-10-06', 'DIN 277-1, DIN 277-2'),
(769, 'Elternsprechzimmer', 'parent-teacher rooms', 'PAR.TEAC', '2019-10-06', 'DIN 277-1, DIN 277-2'),
(770, 'Zeichenraum', 'drawing room', 'DRAW', '2019-10-06', 'DIN 277-1, DIN 277-2'),
(771, 'Kassenraum', 'cash room', 'CASH', '2019-10-06', 'DIN 277-1, DIN 277-2'),
(772, 'Schaltraum', 'control room', 'R.CTRL', '2019-10-06', 'DIN 277-1, DIN 277-2'),
(773, 'Schaltwarte', 'switch room', 'R.SWI', '2019-10-06', 'DIN 277-1, DIN 277-2'),
(774, 'Regieraum', 'director\'s room', 'DIRE', '2019-10-06', 'DIN 277-1, DIN 277-2'),
(775, 'Vorführkabine', 'demonstration cabin', 'DEMO', '2019-10-06', 'DIN 277-1, DIN 277-2'),
(776, 'Leitstelle Pförtnerraum', 'control centre gatekeeper\'s room', 'CTRL.GATEK', '2019-10-06', 'DIN 277-1, DIN 277-2'),
(777, 'Wachraum', 'guard room', 'R.GUARD', '2019-10-06', 'DIN 277-1, DIN 277-2'),
(778, 'Haftaufsichtsraum', 'detention control room', 'DETE.CTRL', '2019-10-06', 'DIN 277-1, DIN 277-2'),
(779, 'Photolabor-Raum', 'photolab room', 'PHOTO', '2019-10-06', 'DIN 277-1, DIN 277-2'),
(780, 'Vervielfältigungsraum', 'reproduction room', 'REPR', '2019-10-06', 'DIN 277-1, DIN 277-2'),
(781, 'Raum für EDV-Anlagen', 'room for IT equipment', 'IT.EQ', '2019-10-06', 'DIN 277-1, DIN 277-2'),
(782, 'Bürogeräteraum', 'office equipment room', 'OFFI.EQ', '2019-10-06', 'DIN 277-1, DIN 277-2'),
(783, 'Werkhalle', 'work hall', 'HALL.WRK', '2019-10-06', 'DIN 277-1, DIN 277-2'),
(784, 'Werkstätte', 'repair shop', 'REPA', '2019-10-06', 'DIN 277-1, DIN 277-2'),
(785, 'Technologisches Labor', 'technological laboratory', 'LAB.TECH', '2019-10-06', 'DIN 277-1, DIN 277-2'),
(786, 'Werkhalle für Produktion und Instandsetzung', 'workshop for production and repairs', 'WRKS.PRRE', '2019-10-06', 'DIN 277-1, DIN 277-2'),
(787, 'Versuchshalle', 'test hall', 'HALL.TEST', '2019-10-06', 'DIN 277-1, DIN 277-2'),
(788, 'Prüfhalle', 'inspection hall', 'INSP', '2019-10-06', 'DIN 277-1, DIN 277-2'),
(789, 'Schwerlabor Werkstatt', 'heavy laboratory workshop', 'WRKS.HEAV', '2019-10-06', 'DIN 277-1, DIN 277-2'),
(790, 'Prüfstand', 'test bench', 'BENC.TEST', '2019-10-06', 'DIN 277-1, DIN 277-2'),
(791, 'Prothetische Werkstatt', 'prosthetic workshop', 'WRKS.PROST', '2019-10-06', 'DIN 277-1, DIN 277-2'),
(792, 'Wartungsstation', 'maintenance station', 'MNT.S', '2019-10-06', 'DIN 277-1, DIN 277-2'),
(793, 'Materialprüflabor', 'materials testing laboratory', 'LAB.MATT', '2019-10-06', 'DIN 277-1, DIN 277-2'),
(794, 'Materialbearbeitungslabor', 'materials processing laboratory', 'LAB.MATP', '2019-10-06', 'DIN 277-1, DIN 277-2'),
(795, 'Labor für mechanische Verfahrenstechnik', 'laboratory for mechanical process engineering', 'LAB.EPE', '2019-10-06', 'DIN 277-1, DIN 277-2'),
(796, 'Maschinenlabor', 'machine laboratory', 'LAB.MAC', '2019-10-06', 'DIN 277-1, DIN 277-2'),
(797, 'Licht- und schalttechnischer Versuchsraum', 'lighting and switching test room', 'TEST.LI.SWI', '2019-10-06', 'DIN 277-1, DIN 277-2'),
(798, 'Strömungstechnikraum', 'fluid dynamics room', 'FLU.DYN', '2019-10-06', 'DIN 277-1, DIN 277-2'),
(799, 'Hochdruck- und Unterdrucklaborraum', 'high-pressure and vacuum laboratory room', 'LAB.HPV', '2019-10-06', 'DIN 277-1, DIN 277-2'),
(800, 'Physikalisches Labor', 'physical laboratory', 'LAB.PHYS', '2019-10-06', 'DIN 277-1, DIN 277-2'),
(801, 'Physikalischtechnisches Labor', 'physical-technical laboratory', 'LAB.PHYST', '2019-10-06', 'DIN 277-1, DIN 277-2'),
(802, 'Elektrotechnisches Labor', 'electrotechnical laboratory', 'LAB.ELT', '2019-10-06', 'DIN 277-1, DIN 277-2'),
(803, 'Chemisches Labor', 'chemical laboratory', 'LAB.CHEM', '2019-10-06', 'DIN 277-1, DIN 277-2'),
(804, 'Bakteriologisches Labor', 'bacteriological laboratory', 'LAB.BACT', '2019-10-06', 'DIN 277-1, DIN 277-2'),
(805, 'Morphologisches Labor', 'morphological laboratory', 'LAB.MORP', '2019-10-06', 'DIN 277-1, DIN 277-2'),
(806, 'Elektronisches Labor', 'electronic laboratory', 'LAB.EL', '2019-10-06', 'DIN 277-1, DIN 277-2'),
(807, 'Geodätischer und astronomischer Mess- und Beobachtungsraum', 'geodetic and astronomical measuring and observation space', 'MEA.GEAS', '2019-10-06', 'DIN 277-1, DIN 277-2'),
(808, 'Optische Sonderlabors', 'special optical laboratories', 'LAB.OPT.SPEC', '2019-10-06', 'DIN 277-1, DIN 277-2'),
(809, 'Messgeräteraum', 'measuring instruments room', 'MEA.INSTR', '2019-10-06', 'DIN 277-1, DIN 277-2'),
(810, 'Wägeraum', 'weighing chamber', 'WEIG', '2019-10-06', 'DIN 277-1, DIN 277-2'),
(811, 'Labor für Elektronenmikroskopie', 'laboratory for electron microscopy', 'LAB.ELM', '2019-10-06', 'DIN 277-1, DIN 277-2'),
(812, 'Labor für analytische und präparative Chemie', 'laboratory for analytical and preparative chemistry', 'LAB.APC', '2019-10-06', 'DIN 277-1, DIN 277-2'),
(813, 'Labor für chemische und pharmazeutische Verfahrenstechnik', 'laboratory for chemical and pharmaceutical process engineering', 'LAB.CPP', '2019-10-06', 'DIN 277-1, DIN 277-2'),
(814, 'Biochemische, physiologische Labors', 'biochemical, physiological laboratories', 'LAB.BCP', '2019-10-06', 'DIN 277-1, DIN 277-2'),
(815, 'Massen-, Röntgen-Spektroskopie', 'mass spectroscopy, X-ray spectroscopy', 'MXS', '2019-10-06', 'DIN 277-1, DIN 277-2'),
(816, 'Beschleuniger- und Reaktorräume', 'accelerator and reactor rooms', 'ACCR', '2019-10-06', 'DIN 277-1, DIN 277-2'),
(817, 'Labor für biologische und medizinische Morphologie', 'laboratory for biological and medical morphology', 'LAB.BIMEM', '2019-10-06', 'DIN 277-1, DIN 277-2'),
(818, 'Tierversuchslabor', 'animal testing laboratory', 'ANIMT', '2019-10-06', 'DIN 277-1, DIN 277-2'),
(819, 'Isotopenlabor mit Dekontamination', 'isotope laboratory with decontamination', 'LAB.ISOT.DEC', '2019-10-06', 'DIN 277-1, DIN 277-2'),
(820, 'Chromatographieraum', 'chromatography room', 'CHRO', '2019-10-06', 'DIN 277-1, DIN 277-2'),
(821, 'Brut- und Nährbodenraum', 'brood and culture medium room', 'BROC', '2019-10-06', 'DIN 277-1, DIN 277-2'),
(822, 'Raum für Tierhaltung', 'room for keeping animals', 'ANIMK', '2019-10-06', 'DIN 277-1, DIN 277-2'),
(823, 'Raum für Pflanzenzucht', 'room for plant breeding', 'PLAN.BRE', '2019-10-06', 'DIN 277-1, DIN 277-2'),
(824, 'Gewerbliche Küche', 'commercial kitchen', 'KIT.COMC', '2019-10-06', 'DIN 277-1, DIN 277-2'),
(825, 'Sonderarbeitsraum', 'special workspace', 'WRKS.SPEC', '2019-10-06', 'DIN 277-1, DIN 277-2'),
(826, 'Stallraum für Nutz-, Versuchs- und kranke Tiere', 'stable room for livestock, experimental and sick animals', 'STABL.LESA', '2019-10-06', 'DIN 277-1, DIN 277-2'),
(827, 'Milch-, Melkräume, - Tierpflege-, Tierwägeraum', 'milking and milking rooms, - animal care rooms, animal weighing rooms', 'MILK.WEIGH', '2019-10-06', 'DIN 277-1, DIN 277-2'),
(828, 'Schaukäfige, Aquarien, Terrarien', 'show cages, aquariums, terrariums', 'SHAQTE', '2019-10-06', 'DIN 277-1, DIN 277-2'),
(829, 'Futteraufbereitung', 'feed preparation', 'FEED.PREP', '2019-10-06', 'DIN 277-1, DIN 277-2'),
(830, 'Gewächshausräume', 'greenhouse rooms', 'R.GREEN', '2019-10-06', 'DIN 277-1, DIN 277-2'),
(831, 'Pilzkulturen', 'mushroom cultures', 'MUSH', '2019-10-06', 'DIN 277-1, DIN 277-2'),
(832, 'Kochküche', 'boiling kitchen', 'KIT.BOI', '2019-10-06', 'DIN 277-1, DIN 277-2'),
(833, 'Verteiler-, Teeküche', 'distributor kitchen, tea kitchen', 'KIT.TEA', '2019-10-06', 'DIN 277-1, DIN 277-2'),
(834, 'Vorbereitungsraum', 'preparation room', 'PREP', '2019-10-06', 'DIN 277-1, DIN 277-2'),
(835, 'Speiseausgabe', 'food dispenser', 'FOOD.DISP', '2019-10-06', 'DIN 277-1, DIN 277-2'),
(836, 'Geschirr-Rückgabe', 'dishes return', 'DISH.RET', '2019-10-06', 'DIN 277-1, DIN 277-2'),
(837, 'Geschirrspülraum', 'dishwasher room', 'R.DISHW', '2019-10-06', 'DIN 277-1, DIN 277-2'),
(838, 'Hauswirtschafts- und Hausarbeitsraum', 'housekeeping and domestic work room', 'HKDW', '2019-10-06', 'DIN 277-1, DIN 277-2'),
(839, 'Räume für Wäschepflege', 'rooms for laundry care', 'LAUNDC', '2019-10-06', 'DIN 277-1, DIN 277-2'),
(840, 'Waschküche', 'laundry', 'R.LAUND', '2019-10-06', 'DIN 277-1, DIN 277-2'),
(841, 'Spül-, Desinfektions- und Sterilisationsraum', 'rinsing, disinfection and sterilisation room', 'RDS', '2019-10-06', 'DIN 277-1, DIN 277-2'),
(842, 'Bettenaufbereitungsraum', 'bed preparation room', 'BED.PREP', '2019-10-06', 'DIN 277-1, DIN 277-2'),
(843, 'Pflegearbeitsraum', 'nursing workroom', 'NURS', '2019-10-06', 'DIN 277-1, DIN 277-2'),
(844, 'Laborspülraum', 'laboratory washroom', 'LAB.WASH', '2019-10-06', 'DIN 277-1, DIN 277-2'),
(845, 'Lager- und Vorratsraum', 'storage and stores room', 'R.STO', '2019-10-06', 'DIN 277-1, DIN 277-2'),
(846, 'Lösungsmittellager', 'solvent stores', 'STOR.SOLV', '2019-10-06', 'DIN 277-1, DIN 277-2'),
(847, 'Sprengstofflager', 'explosives storage', 'STOR.EXPL', '2019-10-06', 'DIN 277-1, DIN 277-2'),
(848, 'Isotopenlager', 'isotope storage', 'STOR.ISOT', '2019-10-06', 'DIN 277-1, DIN 277-2'),
(849, 'Tresorraum', 'vault', 'VAUL', '2019-10-06', 'DIN 277-1, DIN 277-2'),
(850, 'Scheune', 'barn', 'BARN', '2019-10-06', 'DIN 277-1, DIN 277-2'),
(851, 'Silo', 'silo', 'SILO', '2019-10-06', 'DIN 277-1, DIN 277-2'),
(852, 'Archiv', 'archive', 'ARCH', '2019-10-06', 'DIN 277-1, DIN 277-2'),
(853, 'Registratur', 'filing', 'FILI', '2019-10-06', 'DIN 277-1, DIN 277-2'),
(854, 'Lehrmittelraum', 'teaching materials room', 'MAT.TEAC', '2019-10-06', 'DIN 277-1, DIN 277-2'),
(855, 'Buchmagazin', 'book magazine', 'BOOK.MAGZ', '2019-10-06', 'DIN 277-1, DIN 277-2'),
(856, 'Kühlraum', 'cold store', 'R.STO.C', '2019-10-06', 'DIN 277-1, DIN 277-2'),
(857, 'Tiefkühlraum', 'deep-freeze room', 'R.DEF', '2019-10-06', 'DIN 277-1, DIN 277-2'),
(858, 'Gefrierraum', 'freezing room', 'R.FRE', '2019-10-06', 'DIN 277-1, DIN 277-2'),
(859, 'Annahme und Ausgaberaum', 'reception and output room', 'RECO', '2019-10-06', 'DIN 277-1, DIN 277-2'),
(860, 'Sortierraum', 'sorting room', 'SORT', '2019-10-06', 'DIN 277-1, DIN 277-2'),
(861, 'Verteilraum', 'distribution room', 'DISB', '2019-10-06', 'DIN 277-1, DIN 277-2'),
(862, 'Packraum', 'packing room', 'PACK', '2019-10-06', 'DIN 277-1, DIN 277-2'),
(863, 'Versandraum', 'mailroom', 'R.MAIL', '2019-10-06', 'DIN 277-1, DIN 277-2'),
(864, 'Ver- und Entsorgungsstützpunkte', 'supply and disposal bases', 'SDB', '2019-10-06', 'DIN 277-1, DIN 277-2'),
(865, 'Verkaufsraum', 'salesroom', 'R.SALE', '2019-10-06', 'DIN 277-1, DIN 277-2'),
(866, 'Geschäftsraum', 'business room', 'R.BUSI', '2019-10-06', 'DIN 277-1, DIN 277-2'),
(867, 'Ladenraum', 'store room', 'R.STORE', '2019-10-06', 'DIN 277-1, DIN 277-2'),
(868, 'Kiosk', 'kiosk', 'KIOSK', '2019-10-06', 'DIN 277-1, DIN 277-2'),
(869, 'Ausstellungsraum', 'showroom', 'R.SHOW', '2019-10-06', 'DIN 277-1, DIN 277-2'),
(870, 'Messeraum', 'exhibition room', 'R.EXHIB', '2019-10-06', 'DIN 277-1, DIN 277-2'),
(871, 'Musterraum', 'model room', 'MODL', '2019-10-06', 'DIN 277-1, DIN 277-2'),
(872, 'Sonstiger Lagerraum', 'other storage room', 'R.STO.OTH', '2019-10-06', 'DIN 277-1, DIN 277-2'),
(873, 'Lagerhalle', 'warehouse', 'R.WARH', '2019-10-06', 'DIN 277-1, DIN 277-2'),
(874, 'Sammlungsraum', 'collection room', 'COLL', '2019-10-06', 'DIN 277-1, DIN 277-2'),
(875, 'Unterrichtsraum mit festem Gestühl', 'classroom with fixed chairs', 'CLASS.WFC', '2019-10-06', 'DIN 277-1, DIN 277-2'),
(876, 'Hörsaal', 'lecture hall', 'LECT', '2019-10-06', 'DIN 277-1, DIN 277-2'),
(877, 'Experimentierhörsaal', 'experimental auditorium', 'AUD.EXP', '2019-10-06', 'DIN 277-1, DIN 277-2'),
(878, 'Allgemeiner Unterrichts- und Übungsraum ohne festes Gestühl', 'general classroom and practice room without fixed chairs', 'CLASS.GNR.WOFC', '2019-10-06', 'DIN 277-1, DIN 277-2'),
(879, 'Klassen- und Gruppenraum', 'class and group room', 'CLASS.GRO', '2019-10-06', 'DIN 277-1, DIN 277-2'),
(880, 'Seminarraum', 'seminar room', 'SEM', '2019-10-06', 'DIN 277-1, DIN 277-2'),
(881, 'Studenten- und Schülerarbeitsraum', 'student and pupil workspace', 'STPU', '2019-10-06', 'DIN 277-1, DIN 277-2'),
(882, 'Besondere Unterrichts- und Übungsraum ohne festes Gestühl', 'special classroom and practice room without fixed chairs', 'CLASS.SPEC.WOFC', '2019-10-06', 'DIN 277-1, DIN 277-2'),
(883, 'Werkraum', 'workroom', 'R.WRK', '2019-10-06', 'DIN 277-1, DIN 277-2'),
(884, 'Praktikumsraum', 'internship room', 'INTERN', '2019-10-06', 'DIN 277-1, DIN 277-2'),
(885, 'Sprachlabor', 'language laboratory', 'LANG', '2019-10-06', 'DIN 277-1, DIN 277-2'),
(886, 'Besondere Zeichensaal', 'special drawing room', 'DRAW.SPEC', '2019-10-06', 'DIN 277-1, DIN 277-2'),
(887, 'Raum für Grafik, Malerei, Bildhauerei', 'room for graphics, painting, sculpture', 'PAINT', '2019-10-06', 'DIN 277-1, DIN 277-2'),
(888, 'Raum und Übungszelle für Gesangs-, Sprach- und Instrumentalausbildung', 'room and practice cell for vocal, language and instrumental training', 'R.VOCA', '2019-10-06', 'DIN 277-1, DIN 277-2'),
(889, 'Raum für Hauswirtschaftsunterricht ', 'room for home economics lessons ', 'HEL', '2019-10-06', 'DIN 277-1, DIN 277-2'),
(890, 'Bibliotheksraum', 'library room', 'R.LIBR', '2019-10-06', 'DIN 277-1, DIN 277-2'),
(891, 'Leseraum', 'reading room', 'READ', '2019-10-06', 'DIN 277-1, DIN 277-2'),
(892, 'Katalograum', 'catalogue room', 'CATG', '2019-10-06', 'DIN 277-1, DIN 277-2'),
(893, 'Mediothek', 'media library', 'LIBR.MEDIA', '2019-10-06', 'DIN 277-1, DIN 277-2'),
(894, 'Freihandbücherei', 'open access library', 'LIBR.OPAC', '2019-10-06', 'DIN 277-1, DIN 277-2'),
(895, 'Sportraum', 'sports room', 'R.SPORT', '2019-10-06', 'DIN 277-1, DIN 277-2'),
(896, 'Sporthalle', 'sports hall', 'HALL.SPORT', '2019-10-06', 'DIN 277-1, DIN 277-2'),
(897, 'Schwimmhalle', 'indoor swimming pool', 'INDO.POOL', '2019-10-06', 'DIN 277-1, DIN 277-2'),
(898, 'Reithalle', 'indoor riding arena', 'INDO.RIDI', '2019-10-06', 'DIN 277-1, DIN 277-2'),
(899, 'Gymnastikraum', 'gymnastics room', 'GYMN', '2019-10-06', 'DIN 277-1, DIN 277-2'),
(900, 'Kegel-, Bowlingbahn', 'bowling alley', 'BOWL', '2019-10-06', 'DIN 277-1, DIN 277-2'),
(901, 'Versammlungsraum', 'assembly room', 'ASS', '2019-10-06', 'DIN 277-1, DIN 277-2'),
(902, 'Zuschauerraum', 'audience area', 'AUDI', '2019-10-06', 'DIN 277-1, DIN 277-2'),
(903, 'Aula', 'school hall ', 'HALL.SCHO', '2019-10-06', 'DIN 277-1, DIN 277-2'),
(904, 'Forum', 'forum', 'FRM', '2019-10-06', 'DIN 277-1, DIN 277-2'),
(905, 'Mehrzweckhalle', 'multipurpose hall', 'MULTI', '2019-10-06', 'DIN 277-1, DIN 277-2'),
(906, 'Bühnenraum', 'stage space', 'STAG', '2019-10-06', 'DIN 277-1, DIN 277-2'),
(907, 'Studioraum', 'studio room', 'STUDI', '2019-10-06', 'DIN 277-1, DIN 277-2'),
(908, 'Hauptbühne', 'main stage', 'STAG.MN', '2019-10-06', 'DIN 277-1, DIN 277-2'),
(909, 'Seitenbühne', 'side stage', 'STAG.SID', '2019-10-06', 'DIN 277-1, DIN 277-2'),
(910, 'Hinterbühne', 'backstage', 'STAG.BCK', '2019-10-06', 'DIN 277-1, DIN 277-2'),
(911, 'Schnürboden', 'drawing floor', 'FL.DRAW', '2019-10-06', 'DIN 277-1, DIN 277-2'),
(912, 'Orchesterraum', 'orchestra room', 'ORCH', '2019-10-06', 'DIN 277-1, DIN 277-2'),
(913, 'Proberaum', 'rehearsal room', 'REHE', '2019-10-06', 'DIN 277-1, DIN 277-2'),
(914, 'Filmstudio', 'film studio', 'R.FILM', '2019-10-06', 'DIN 277-1, DIN 277-2'),
(915, 'Fernsehstudio', 'television studio', 'R.TV', '2019-10-06', 'DIN 277-1, DIN 277-2'),
(916, 'Rundfunkstudio', 'radio studio', 'R.RADIO', '2019-10-06', 'DIN 277-1, DIN 277-2'),
(917, 'Lehr-, Schausammlung', 'teaching, show collection', 'COLL.TEACH', '2019-10-06', 'DIN 277-1, DIN 277-2'),
(918, 'Sakralraum', 'sacred space', 'SACR', '2019-10-06', 'DIN 277-1, DIN 277-2'),
(919, 'Gottesdienstraum', 'worship room', 'WORS', '2019-10-06', 'DIN 277-1, DIN 277-2'),
(920, 'Andachtsraum', 'oratory', 'ORAT', '2019-10-06', 'DIN 277-1, DIN 277-2'),
(921, 'Aufbahrungs- und Aussegnungsraum', 'laying and blessing room', 'LAY', '2019-10-06', 'DIN 277-1, DIN 277-2'),
(922, 'Sakristei', 'sacristy', 'SACRY', '2019-10-06', 'DIN 277-1, DIN 277-2'),
(923, 'Raum mit allgemeiner medizinischer Ausstattung', 'room with general medical equipment', 'MEDI.GNR', '2019-10-06', 'DIN 277-1, DIN 277-2'),
(924, 'Raum für allgemeine Untersuchung und Behandlung', 'room for general examination and treatment', 'EXA.GNR', '2019-10-06', 'DIN 277-1, DIN 277-2'),
(925, 'Raum für medizinische Erstversorgung und Erste-Hilfe, Wundversorgung', 'room for primary medical care and first aid, wound care', 'MEDI.PRIM', '2019-10-06', 'DIN 277-1, DIN 277-2'),
(926, 'Beratung (medizinische Vor- und Fürsorge)', 'advice (medical prevention and care)', 'ADV', '2019-10-06', 'DIN 277-1, DIN 277-2'),
(927, 'Ambulanz', 'ambulance', 'AMB', '2019-10-06', 'DIN 277-1, DIN 277-2'),
(928, 'Obduktions- und Verstorbenenraum', 'autopsy and deceased room', 'ATPY', '2019-10-06', 'DIN 277-1, DIN 277-2'),
(929, 'Raum mit besonderer medizinischer Ausstattung', 'room with special medical equipment', 'MEDI.SPEC', '2019-10-06', 'DIN 277-1, DIN 277-2'),
(930, 'Raum für Funktionsuntersuchung', 'room for functional examination', 'EXA.FUN', '2019-10-06', 'DIN 277-1, DIN 277-2'),
(931, 'Raum für klinische Physiologie', 'room for clinical physiology', 'PYSL.CLI', '2019-10-06', 'DIN 277-1, DIN 277-2'),
(932, 'Raum für Neuro- und Sinnesphysiologie', 'space for neurophysiology and sensory physiology', 'PYSL.NEUR', '2019-10-06', 'DIN 277-1, DIN 277-2'),
(933, 'Spezielle Behandlung', 'special treatment', 'TRT.SPEC', '2019-10-06', 'DIN 277-1, DIN 277-2'),
(934, 'Raum für Endoskopien', 'space for endoscopies', 'ENDO', '2019-10-06', 'DIN 277-1, DIN 277-2'),
(935, 'Operationsraum', 'operating room', 'OPRT', '2019-10-06', 'DIN 277-1, DIN 277-2'),
(936, 'Entbindungsraum', 'delivery room', 'DELY', '2019-10-06', 'DIN 277-1, DIN 277-2'),
(937, 'Notfall- und Unfallbehandlung', 'emergency and accident treatment', 'R.EMR', '2019-10-06', 'DIN 277-1, DIN 277-2'),
(938, 'Ein-  und Ausleitungsraum', 'entry and exit room', 'ENEX', '2019-10-06', 'DIN 277-1, DIN 277-2'),
(939, 'Ärztewaschraum', 'doctor\'s washroom', 'WASH.DOC', '2019-10-06', 'DIN 277-1, DIN 277-2'),
(940, 'Raum für Strahlendiagnostik', 'room for radiation diagnostics', 'RADI.DIA', '2019-10-06', 'DIN 277-1, DIN 277-2'),
(941, 'Raum für allgemeine und spezielle Röntgendiagnostik', 'room for general and special X-ray diagnostics', 'XRAY.GNR', '2019-10-06', 'DIN 277-1, DIN 277-2'),
(942, 'Raum für Thermographie', 'space for thermography', 'THG', '2019-10-06', 'DIN 277-1, DIN 277-2'),
(943, 'Nuklearmedizinische Diagnostik', 'nuclear medicine diagnostics', 'NUC.DIA', '2019-10-06', 'DIN 277-1, DIN 277-2'),
(944, 'Raum für Strahlentherapie', 'space for radiotherapy', 'RADI.THE', '2019-10-06', 'DIN 277-1, DIN 277-2'),
(945, 'Raum für konventionelle Röntgentherapie', 'room for conventional x-ray therapy', 'XRAY.CVT', '2019-10-06', 'DIN 277-1, DIN 277-2'),
(946, 'Hochvolttherapie', 'high-voltage therapy', 'R.HV', '2019-10-06', 'DIN 277-1, DIN 277-2'),
(947, 'Telegammatherapie', 'telegamma therapy', 'TEG', '2019-10-06', 'DIN 277-1, DIN 277-2'),
(948, 'Nuklearmedizinische Therapie', 'nuclear medicine therapy', 'NUC.THE', '2019-10-06', 'DIN 277-1, DIN 277-2'),
(949, 'Raum für Physiotherapie und Rehabilitation', 'room for physiotherapy and rehabilitation', 'PYSL.RHB', '2019-10-06', 'DIN 277-1, DIN 277-2'),
(950, 'Raum für Hydrotherapie', 'room for hydrotherapy', 'HYD', '2019-10-06', 'DIN 277-1, DIN 277-2'),
(951, 'Raum für Bewegungstherapie', 'room for exercise therapy', 'EXS', '2019-10-06', 'DIN 277-1, DIN 277-2'),
(952, 'Raum für Elektrotherapie', 'room for electrotherapy', 'THE.EL', '2019-10-06', 'DIN 277-1, DIN 277-2'),
(953, 'Raum für Ergotherapie', 'room for ergotherapy', 'ERG', '2019-10-06', 'DIN 277-1, DIN 277-2'),
(954, 'Kuranwendungen', 'spa treatments', 'SPA', '2019-10-06', 'DIN 277-1, DIN 277-2'),
(955, 'Raum für therapeutische Bäder aller Art', 'room for therapeutic baths of all kinds', 'BTH.THE', '2019-10-06', 'DIN 277-1, DIN 277-2'),
(956, 'Inhalations- und Klimabehandlung', 'inhalation and climatic treatment', 'INH', '2019-10-06', 'DIN 277-1, DIN 277-2'),
(957, 'Krankengymnastik und Massage', 'therapeutic gymnastics and massage', 'GYMN.THE', '2019-10-06', 'DIN 277-1, DIN 277-2'),
(958, 'Spiel- und Gruppentherapie', 'play and group therapy', 'PLAY', '2019-10-06', 'DIN 277-1, DIN 277-2'),
(959, 'Heilpädagogik', 'curative education', 'EDUC.CURE', '2019-10-06', 'DIN 277-1, DIN 277-2'),
(960, 'Arbeitstherapie', 'work therapy', 'THE.WRK', '2019-10-06', 'DIN 277-1, DIN 277-2'),
(961, 'Bettenraum mit allgemeiner Ausstattung', 'bedroom with general equipment', 'BED.GNR', '2019-10-06', 'DIN 277-1, DIN 277-2'),
(962, 'Raum für Normal-, Langzeit- und Leichtpflege', 'room for normal, long-term and light care', 'R.CARE', '2019-10-06', 'DIN 277-1, DIN 277-2'),
(963, 'Bettenraum mit besonderer Ausstattung', 'bed room with special equipment', 'BED.SPEC', '2019-10-06', 'DIN 277-1, DIN 277-2'),
(964, 'Raum für postoperative Überwachung ', 'room for postoperative monitoring ', 'POP', '2019-10-06', 'DIN 277-1, DIN 277-2'),
(965, 'Intensivpflegeraum', 'intensive care room', 'INTC', '2019-10-06', 'DIN 277-1, DIN 277-2'),
(966, 'Dialyse', 'dialysis', 'DLYS', '2019-10-06', 'DIN 277-1, DIN 277-2'),
(967, 'Nuklearmedizin', 'nuclear medicine', 'NUC', '2019-10-06', 'DIN 277-1, DIN 277-2'),
(968, 'Sonstige Pflegeraum', 'other care room', 'CARE.OTH', '2019-10-06', 'DIN 277-1, DIN 277-2'),
(969, 'Sanitärraum', 'sanitary room', 'SAN', '2019-10-06', 'DIN 277-1, DIN 277-2'),
(970, 'Toilette', 'toilet', 'TOIL', '2019-10-06', 'DIN 277-1, DIN 277-2'),
(971, 'Wasch-, Duschraum', 'washroom, shower room', 'WASH', '2019-10-06', 'DIN 277-1, DIN 277-2'),
(972, 'Baderaum', 'bath', 'R.BATH', '2019-10-06', 'DIN 277-1, DIN 277-2'),
(973, 'Sauna', 'sauna', 'SNA', '2019-10-06', 'DIN 277-1, DIN 277-2'),
(974, 'Reinigungsschleuse', 'cleaning sluice', 'SLU.CLN', '2019-10-06', 'DIN 277-1, DIN 277-2'),
(975, 'Wickelraum', 'diaper-changing room', 'DIC', '2019-10-06', 'DIN 277-1, DIN 277-2'),
(976, 'Schminkraum', 'make-up room', 'MAKU', '2019-10-06', 'DIN 277-1, DIN 277-2'),
(977, 'Putzraum', 'cleaning room', 'CLN', '2019-10-06', 'DIN 277-1, DIN 277-2'),
(978, 'Gaderobe', 'dressing gown', 'DRES', '2019-10-06', 'DIN 277-1, DIN 277-2'),
(979, 'Umkleideraum', 'locker room', 'LOCK', '2019-10-06', 'DIN 277-1, DIN 277-2'),
(980, 'Schrankraum in Wohngebäude', 'cabinet room in residential building', 'R.CBN.RES', '2019-10-06', 'DIN 277-1, DIN 277-2'),
(981, 'Kleiderablage', 'coat rack', 'COAT', '2019-10-06', 'DIN 277-1, DIN 277-2'),
(982, 'Künstlergarderobe', 'artist\'s cloakroom', 'CLOAK', '2019-10-06', 'DIN 277-1, DIN 277-2'),
(983, 'Abstellraum', 'lumber room', 'LUMB', '2019-10-06', 'DIN 277-1, DIN 277-2'),
(984, 'Fahrradraum', 'bicycle room', 'BICY', '2019-10-06', 'DIN 277-1, DIN 277-2'),
(985, 'Kinderwagenraum', 'baby carriage room', 'BBYC', '2019-10-06', 'DIN 277-1, DIN 277-2'),
(986, 'Müllsammelraum', 'garbage collection room', 'GARB.COLC', '2019-10-06', 'DIN 277-1, DIN 277-2'),
(987, 'Fahrzeugabstellfläche', 'vehicle parking area', 'VEH.PRKG', '2019-10-06', 'DIN 277-1, DIN 277-2'),
(988, 'Garage', 'garage', 'GARG', '2019-10-06', 'DIN 277-1, DIN 277-2'),
(989, 'Halle für Fahrzeuge', 'hall for vehicles', 'HALL.VEH', '2019-10-06', 'DIN 277-1, DIN 277-2'),
(990, 'Fahrgastfläche', 'passenger area', 'PAS', '2019-10-06', 'DIN 277-1, DIN 277-2'),
(991, 'Bahnsteig', 'platform', 'PLAT', '2019-10-06', 'DIN 277-1, DIN 277-2'),
(992, 'Flugsteig', 'boarding gate', 'BGAT', '2019-10-06', 'DIN 277-1, DIN 277-2'),
(993, 'Rollsteig', 'moving walkway', 'MOV.WALK', '2019-10-06', 'DIN 277-1, DIN 277-2'),
(994, 'Raum für zentrale Technik', 'room for central technology', 'TECH.CEN', '2019-10-06', 'DIN 277-1, DIN 277-2'),
(995, 'Raum in Kraftwerken', 'room in power plants', 'R.PP', '2019-10-06', 'DIN 277-1, DIN 277-2'),
(996, 'Freistehendes Kesselhaus', 'detached boiler house', 'R.BOI', '2019-10-06', 'DIN 277-1, DIN 277-2'),
(997, 'Raum des Gaswerks', 'room of gas plant', 'R.GAS', '2019-10-06', 'DIN 277-1, DIN 277-2'),
(998, 'Ortsvermittlungsstelle', 'local switching centre', 'SWI.LOC', '2019-10-06', 'DIN 277-1, DIN 277-2'),
(999, 'Zentrale Müllverbrennungsanlage', 'central waste incineration plant', 'GARB.INCI.CEN', '2019-10-06', 'DIN 277-1, DIN 277-2'),
(1000, 'Schutzraum', 'shelter', 'SHEL', '2019-10-06', 'DIN 277-1, DIN 277-2'),
(1001, 'Raum für den zivilen Bevölkerungsschutz', 'civil protection room', 'CIVP', '2019-10-06', 'DIN 277-1, DIN 277-2'),
(1002, 'Abwasseraufbereitung und – Beseitigung', 'waste water treatment and disposal', 'WAST.WS', '2019-10-06', 'DIN 277-1, DIN 277-2'),
(1003, 'Wasserversorgung', 'water supply', 'R.WS.SUP', '2019-10-06', 'DIN 277-1, DIN 277-2'),
(1004, 'Gase (außer für Heizzwecke) und Flüssigkeiten', 'gases (except for heating purposes) and liquids', 'R.GASL', '2019-10-06', 'DIN 277-1, DIN 277-2'),
(1005, 'Heizung und Brauchwassererwärmung', 'heating and domestic hot water heating', 'R.DH', '2019-10-06', 'DIN 277-1, DIN 277-2'),
(1006, 'Raum der Raumlufttechnischen Anlage', 'room of air handling unit', 'R.AHU', '2019-10-06', 'DIN 277-1, DIN 277-2'),
(1007, 'Elektrische Stromversorgung', 'electrical power supply', 'R.SUP.EL', '2019-10-06', 'DIN 277-1, DIN 277-2'),
(1008, 'Fernmeldetechnik', 'telecommunications engineering', 'R.TEL', '2019-10-06', 'DIN 277-1, DIN 277-2'),
(1009, 'Aufzugs- und Förderanlage', 'elevator and conveyor system', 'R.ELE', '2019-10-25', 'DIN 277-1, DIN 277-2'),
(1010, 'Hausanschlussraum', 'utility room', 'R.UTI', '2019-10-06', 'DIN 277-1, DIN 277-2'),
(1011, 'Installationsraum, -schacht, -kanal', 'installation room, shaft, duct', 'R.INST', '2019-10-06', 'DIN 277-1, DIN 277-2'),
(1012, 'Abfallverbrennungsraum', 'waste incineration room', 'R.GARB.INCI', '2019-10-06', 'DIN 277-1, DIN 277-2'),
(1013, 'Flur', 'corridor', 'CORR', '2019-10-06', 'DIN 277-1, DIN 277-2'),
(1014, 'Gang', 'aisle', 'AIS', '2019-10-06', 'DIN 277-1, DIN 277-2'),
(1015, 'Diele', 'hallway', 'HALW', '2019-10-06', 'DIN 277-1, DIN 277-2'),
(1016, 'Eingangshalle', 'lobby', 'LOB', '2019-10-06', 'DIN 277-1, DIN 277-2'),
(1017, 'Windfang', 'porch', 'PORC', '2019-10-06', 'DIN 277-1, DIN 277-2'),
(1018, 'Vorraum', 'anteroom', 'ANTE', '2019-10-06', 'DIN 277-1, DIN 277-2'),
(1020, 'Fluchtbalkon', 'escape balcony', 'BALC.ESCP', '2019-10-06', 'DIN 277-1, DIN 277-2'),
(1021, 'Treppe', 'staircase', 'STAIC', '2019-10-06', 'DIN 277-1, DIN 277-2'),
(1022, 'Treppenraum', 'stairwell', 'STAIW', '2019-10-06', 'DIN 277-1, DIN 277-2'),
(1023, 'Treppenlauf', 'flight of stairs', 'STAIF', '2019-10-06', 'DIN 277-1, DIN 277-2'),
(1025, 'Rampe', 'ramp', 'RAM', '2019-10-06', 'DIN 277-1, DIN 277-2'),
(1026, 'Schacht für Förderanlage', 'shaft for conveyor system', 'SHF.CVY', '2019-10-06', 'DIN 277-1, DIN 277-2'),
(1027, 'Aufzugsschacht', 'elevator shaft', 'SHF.ELE', '2019-10-25', 'DIN 277-1, DIN 277-2'),
(1028, 'Abwurfschacht', 'drop shaft', 'SHF.DRO', '2019-10-06', 'DIN 277-1, DIN 277-2'),
(1029, 'Fahrzeugverkehrsfläche', 'vehicle traffic area', 'TRAF.VEH', '2019-10-06', 'DIN 277-1, DIN 277-2'),
(1030, 'Durchfahrt', 'passage', 'PASS', '2019-10-06', 'DIN 277-1, DIN 277-2'),
(1031, 'Befahrbare Rampe', 'drivable ramp', 'RAM.DRV', '2019-10-06', 'DIN 277-1, DIN 277-2'),
(1032, 'Gleisfläche', 'rail area', 'R.RAIL', '2019-10-06', 'DIN 277-1, DIN 277-2'),
(1033, 'Sonstige Verkehrsfläche', 'other traffic area', 'TRAF.OTH', '2019-10-06', 'DIN 277-1, DIN 277-2'),
(1034, 'Wohngebäude', 'residential building', 'RES', '2019-10-06', 'DIN 277-1, DIN 277-2'),
(1035, 'Gemischt genutztes Gebäude mit Wohnen', 'mixed-use building with living space', 'MIXL', '2019-10-06', 'DIN 277-1, DIN 277-2'),
(1036, 'Land- und forstwirtschaftliches Wohn- und Betriebsgebäude', 'agricultural and forestry residential and farm building', 'RES.AGR.FOR.FARM', '2019-10-06', 'DIN 277-1, DIN 277-2'),
(1037, 'Gebäude zur Freizeitgestaltung', 'leisure building', 'LEISU', '2019-10-06', 'DIN 277-1, DIN 277-2'),
(1038, 'Gebäude für Wirtschaft oder Gewerbe', 'building for economy or trade', 'ECON.TRA', '2019-10-06', 'DIN 277-1, DIN 277-2'),
(1039, 'Bürogebäude', 'office building', 'OFFI', '2019-10-06', 'DIN 277-1, DIN 277-2'),
(1040, 'Gebäude für Handel und Dienstleistungen', 'building for trade and services', 'TRA.SERV', '2019-10-06', 'DIN 277-1, DIN 277-2'),
(1041, 'Gebäude für Beherbergung', 'accommodation building', 'ACCO', '2019-10-06', 'DIN 277-1, DIN 277-2'),
(1042, 'Gebäude für Bewirtung', 'catering building', 'CATERB', '2019-10-06', 'DIN 277-1, DIN 277-2'),
(1043, 'Freizeit- und Vergnügungsstätte', 'leisure and amusement centre', 'LEISU.AMU', '2019-10-06', 'DIN 277-1, DIN 277-2'),
(1044, 'Gebäude für Gewerbe und Industrie', 'building for trade and industry', 'TRA.INDU', '2019-10-06', 'DIN 277-1, DIN 277-2'),
(1045, 'Gebäude für Vorratshaltung', 'building for stockholding', 'B.STOH', '2019-10-06', 'DIN 277-1, DIN 277-2'),
(1046, 'Gebäude für Grundstoffgewinnung', 'building for raw material extraction', 'RAW', '2019-10-06', 'DIN 277-1, DIN 277-2'),
(1047, 'Gebäude für betriebliche Sozialeinrichtung', 'building for company social facilities', 'CMPY.SOC', '2019-10-06', 'DIN 277-1, DIN 277-2'),
(1048, 'Sonstiges Gebäude für Gewerbe und Industrie', 'other building for trade and industry', 'TRA.IND.OTH', '2019-10-06', 'DIN 277-1, DIN 277-2'),
(1049, 'Gebäude für Handel und Dienstleistung mit Wohnen', 'buildings for trade and services with a residential area', 'TRA.SERV.RES', '2019-10-06', 'DIN 277-1, DIN 277-2'),
(1050, 'Gebäude für Gewerbe und Industrie mit Wohnen', 'buildings for trade and industry with a residential area', 'TRA.INDU.RES', '2019-10-06', 'DIN 277-1, DIN 277-2'),
(1051, 'Verkehrsgebäude', 'traffic building', 'TRAF', '2019-10-06', 'DIN 277-1, DIN 277-2'),
(1052, 'Gebäude zur Versorgung', 'supply building', 'B.SUPY', '2019-10-06', 'DIN 277-1, DIN 277-2'),
(1053, 'Gebäude zur Energieversorgung', 'energy supply building', 'B.SUP.EN', '2019-10-06', 'DIN 277-1, DIN 277-2'),
(1054, 'Gebäude zur Wasserversorgung', 'water supply building', 'B.SUP.WS', '2019-10-06', 'DIN 277-1, DIN 277-2'),
(1055, 'Gebäude zur Elektrizitätsversorgung', 'electricity supply building', 'B.SUP.EL', '2019-10-06', 'DIN 277-1, DIN 277-2'),
(1056, 'Gebäude für Fernmeldewesen', 'telecommunications building', 'B.TEL', '2019-10-06', 'DIN 277-1, DIN 277-2'),
(1057, 'Gebäude an unterirdischen Leitungen', 'building on underground lines', 'LINE.UNDERG', '2019-10-06', 'DIN 277-1, DIN 277-2'),
(1058, 'Gebäude zur Gasversorgung', 'gas supply building', 'B.SUP.GAS', '2019-10-06', 'DIN 277-1, DIN 277-2'),
(1059, 'Gebäude zur Versorgungsanlage', 'supply plant building', 'SUP.PLAN', '2019-10-06', 'DIN 277-1, DIN 277-2'),
(1060, 'Gebäude zur Entsorgung', 'waste disposal building', 'B.WAST', '2019-10-06', 'DIN 277-1, DIN 277-2'),
(1061, 'Gebäude zur Müllverbrennung', 'garbage incineration building', 'GARB.INCI', '2019-10-06', 'DIN 277-1, DIN 277-2'),
(1062, 'Gebäude der Abfalldeponie', 'landfill building', 'LANDF', '2019-10-06', 'DIN 277-1, DIN 277-2'),
(1063, 'Gebäude für Land- und Forstwirtschaft', 'building for agriculture and forestry', 'AGR.FORE', '2019-10-06', 'DIN 277-1, DIN 277-2'),
(1064, 'Gebäude für öffentliche Zwecke', 'building for public use', 'PUB', '2019-10-06', 'DIN 277-1, DIN 277-2'),
(1065, 'Verwaltungsgebäude', 'administration building', 'ADM', '2019-10-06', 'DIN 277-1, DIN 277-2'),
(1066, 'Gebäude für Bildung und Forschung', 'building for education and research', 'EDU.RESEA', '2019-10-06', 'DIN 277-1, DIN 277-2'),
(1067, 'Gebäude für kulturelle Zwecke', 'building for cultural purposes', 'B.CUL', '2019-10-06', 'DIN 277-1, DIN 277-2'),
(1068, 'Gebäude für religiöse Zwecke', 'religious building', 'RELI', '2019-10-06', 'DIN 277-1, DIN 277-2'),
(1069, 'Gebäude für Gesundheitswesen', 'healthcare building', 'HEALT', '2019-10-06', 'DIN 277-1, DIN 277-2'),
(1070, 'Gebäude für soziale Zwecke', 'building for social purposes', 'SOC', '2019-10-06', 'DIN 277-1, DIN 277-2'),
(1071, 'Gebäude für Sicherheit und Ordnung', 'building for security and order', 'SECU', '2019-10-06', 'DIN 277-1, DIN 277-2'),
(1072, 'Friedhofsgebäude', 'cemetery building', 'CEME', '2019-10-06', 'DIN 277-1, DIN 277-2'),
(1073, 'Gebäude für öffentliche Zwecke mit Wohnen', 'residential building for public purposes', 'PUB.RES', '2019-10-06', 'DIN 277-1, DIN 277-2'),
(1074, 'Gebäude für Erholungszwecke', 'recreational building', 'RECR', '2019-10-06', 'DIN 277-1, DIN 277-2'),
(1075, 'Gebäude im Zoo', 'zoo building', 'ZOO', '2019-10-06', 'DIN 277-1, DIN 277-2'),
(1076, 'Wohnhaus', 'dwelling', 'DWEL', '2019-10-06', 'DIN 277-1, DIN 277-2'),
(1077, 'Wohnheim', 'dormitory', 'B.DORM', '2019-10-06', 'DIN 277-1, DIN 277-2'),
(1078, 'Kinderheim', 'children\'s home', 'CHILD', '2019-10-06', 'DIN 277-1, DIN 277-2'),
(1079, 'Seniorenheim', 'retirement home', 'RETIR', '2019-10-06', 'DIN 277-1, DIN 277-2'),
(1080, 'Schwesternwohnheim', 'nurses\' home', 'NURSE', '2019-10-06', 'DIN 277-1, DIN 277-2'),
(1081, 'Studenten-, Schülerwohnheim', 'student residence, school dormitory', 'STUDE', '2019-10-06', 'DIN 277-1, DIN 277-2'),
(1082, 'Internat', 'boarding school', 'SCHO.BOARD', '2019-10-06', 'DIN 277-1, DIN 277-2'),
(1083, 'Wohngebäude mit Gemeinbedarf', 'residential buildings with common needs', 'RES.COMN', '2019-10-06', 'DIN 277-1, DIN 277-2'),
(1084, 'Wohngebäude mit Handel und Dienstleistungen', 'residential buildings with trade and services', 'RES.TRAD.SERV', '2019-10-06', 'DIN 277-1, DIN 277-2'),
(1085, 'Wohn- und Verwaltungsgebäude', 'residential and administrative buildings', 'RES.ADM', '2019-10-06', 'DIN 277-1, DIN 277-2'),
(1086, 'Wohn- und Bürogebäude', 'residential and office buildings', 'RES.OFFI', '2019-10-06', 'DIN 277-1, DIN 277-2'),
(1087, 'Wohn- und Geschäftsgebäude', 'residential and commercial buildings', 'RES.COMC', '2019-10-06', 'DIN 277-1, DIN 277-2'),
(1088, 'Wohngebäude mit Gewerbe und Industrie', 'residential buildings with trade and industry', 'RES.TRAD.INDU', '2019-10-06', 'DIN 277-1, DIN 277-2'),
(1089, 'Wohn- und Betriebsgebäude', 'residential and company buildings', 'RES.CMPY', '2019-10-06', 'DIN 277-1, DIN 277-2'),
(1090, 'Land- und forstwirtschaftliches Wohngebäude', 'agricultural and forestry residential building', 'AGR.FORE.RES', '2019-10-06', 'DIN 277-1, DIN 277-2'),
(1091, 'Bauernhaus', 'farm', 'FARM', '2019-10-06', 'DIN 277-1, DIN 277-2'),
(1092, 'Wohn- und Wirtschaftsgebäude', 'residential and farm buildings', 'RES.FARM', '2019-10-06', 'DIN 277-1, DIN 277-2'),
(1093, 'Forsthaus', 'forester\'s lodge', 'FORE.LODG', '2019-10-06', 'DIN 277-1, DIN 277-2'),
(1094, 'Ferienhaus', 'cottage', 'COTT', '2019-10-06', 'DIN 277-1, DIN 277-2'),
(1095, 'Wochenendhaus', 'weekend house', 'WEEKE', '2019-10-06', 'DIN 277-1, DIN 277-2'),
(1096, 'Gartenhaus', 'garden shed', 'GARDS', '2019-10-06', 'DIN 277-1, DIN 277-2'),
(1097, 'Büro, nur beheizt', 'office, heated only', 'OFFI.HO', '2019-10-06', 'DIN 277-1, DIN 277-2'),
(1098, 'Büro, temperiert und belüftet', 'office, temperature-controlled and ventilated', 'OFFI.TV', '2019-10-06', 'DIN 277-1, DIN 277-2'),
(1099, 'Büro mit Vollklimaanlage', 'office with full air conditioning', 'OFFI.AC', '2019-10-06', 'DIN 277-1, DIN 277-2'),
(1100, 'Kreditinstitut', 'credit institute', 'CREDI', '2019-10-06', 'DIN 277-1, DIN 277-2'),
(1101, 'Versicherung', 'insurance', 'INSUR', '2019-10-06', 'DIN 277-1, DIN 277-2'),
(1102, 'Geschäftsgebäude', 'commercial buildings', 'COMME', '2019-10-06', 'DIN 277-1, DIN 277-2'),
(1103, 'Kaufhaus', 'department store', 'DEPAR', '2019-10-06', 'DIN 277-1, DIN 277-2'),
(1104, 'Einkaufszentrum', 'mall', 'MALL', '2019-10-06', 'DIN 277-1, DIN 277-2'),
(1105, 'Markthalle', 'market hall', 'MARKE', '2019-10-06', 'DIN 277-1, DIN 277-2'),
(1106, 'Laden', 'store', 'STORE', '2019-10-06', 'DIN 277-1, DIN 277-2'),
(1108, 'Apotheke', 'pharmacy', 'PHARM', '2019-10-06', 'DIN 277-1, DIN 277-2'),
(1109, 'Messehalle', 'exhibition hall', 'HALL.EXHIB', '2019-10-06', 'DIN 277-1, DIN 277-2'),
(1110, 'Bankfiliale', 'bank branch', 'BANK', '2019-10-06', 'DIN 277-1, DIN 277-2'),
(1111, 'Supermarkt', 'supermarket', 'SUPER', '2019-10-06', 'DIN 277-1, DIN 277-2'),
(1112, 'Handel Non-Food bis 300 m²', 'trade non-food up to 300 m²', 'TRA.NONF.300', '2019-10-06', 'DIN 277-1, DIN 277-2'),
(1113, 'Handel Non-Food über 300m²', 'trade non-food over 300m²', 'TRA.NONF.301', '2019-10-06', 'DIN 277-1, DIN 277-2'),
(1114, 'Handel Food bis 300 m²', 'trade food up to 300 m²', 'TRA.FOOD.300', '2019-10-06', 'DIN 277-1, DIN 277-2'),
(1115, 'Handel Food über 300 m²', 'trade food over 300 m²', 'TRA.FOOD.301', '2019-10-06', 'DIN 277-1, DIN 277-2'),
(1116, 'Metzgerei mit Produktion', 'butcher\' s shop with production', 'BUT.WIPR', '2019-10-06', 'DIN 277-1, DIN 277-2'),
(1117, 'Warenhaus (Food und Non-Food)', 'department store (food and non-food)', 'DEPAR.STORE', '2019-10-06', 'DIN 277-1, DIN 277-2'),
(1118, 'Kosmetik', 'cosmetic', 'COSM', '2019-10-06', 'DIN 277-1, DIN 277-2'),
(1119, 'Friseur', 'hairdresser', 'HAIRD', '2019-10-06', 'DIN 277-1, DIN 277-2'),
(1120, 'Fitnessstudio', 'gym', 'GYM', '2019-10-06', 'DIN 277-1, DIN 277-2'),
(1121, 'Spedition', 'haulage', 'HAULA', '2019-10-06', 'DIN 277-1, DIN 277-2'),
(1122, 'Hotel, Motel, Pension', 'hotel, motel, guesthouse', 'HOTEL', '2019-10-06', 'DIN 277-1, DIN 277-2'),
(1123, 'Jugendherberge', 'youth hostel', 'YOUTH.HOS', '2019-10-06', 'DIN 277-1, DIN 277-2'),
(1124, 'Hütte (mit Übernachtungsmöglichkeit)', 'cottage (with overnight accommodation)', 'COTT.WONA', '2019-10-06', 'DIN 277-1, DIN 277-2'),
(1125, 'Campingplatzgebäude', 'campsite building', 'CAMPS', '2019-10-06', 'DIN 277-1, DIN 277-2'),
(1126, 'Hotel ohne Stern', 'hotel without star', 'HOT.WOS', '2019-10-06', 'DIN 277-1, DIN 277-2'),
(1127, 'Hotels mit 1 und 2 Sternen', 'hotels with 1 and 2 stars', 'HOT.1.2', '2019-10-06', 'DIN 277-1, DIN 277-2'),
(1128, 'Hotels mit 3 Sternen', 'hotels with 3 stars', 'HOT.3', '2019-10-06', 'DIN 277-1, DIN 277-2'),
(1129, 'Hotels mit 4 und 5 Sternen', 'hotels with 4 and 5 stars', 'HOT.4.5', '2019-10-06', 'DIN 277-1, DIN 277-2'),
(1130, 'Gästehaus', 'guesthouse', 'GUEST', '2019-10-06', 'DIN 277-1, DIN 277-2'),
(1131, 'Ferienheim', 'holiday home', 'HOLID', '2019-10-06', 'DIN 277-1, DIN 277-2'),
(1132, 'Vereinsheim', 'clubhouse', 'CLUBH', '2019-10-06', 'DIN 277-1, DIN 277-2'),
(1133, 'Schullandheim', 'school country home', 'SCHO.COH', '2019-10-06', 'DIN 277-1, DIN 277-2'),
(1134, 'Hütte (ohne Übernachtungsmöglichkeit)', 'cottage (without overnight accommodation)', 'COTT.WOONA', '2019-10-06', 'DIN 277-1, DIN 277-2'),
(1136, 'Ausschankwirtschaft', 'tavern', 'TAVER', '2019-10-06', 'DIN 277-1, DIN 277-2'),
(1137, 'Speisegaststätte', 'food restaurant', 'FOOD', '2019-10-06', 'DIN 277-1, DIN 277-2'),
(1138, 'Restaurant', 'restaurant', 'RESTA', '2019-10-06', 'DIN 277-1, DIN 277-2'),
(1139, 'Mensa', 'refectory', 'REFEC', '2019-10-06', 'DIN 277-1, DIN 277-2'),
(1140, 'Verpflegungseinrichtung', 'catering facility', 'CATER', '2019-10-06', 'DIN 277-1, DIN 277-2'),
(1141, 'Saalbau', 'hall-type contruction', 'HALLC', '2019-10-06', 'DIN 277-1, DIN 277-2'),
(1142, 'Stadthalle', 'municipal hall', 'MUNI', '2019-10-06', 'DIN 277-1, DIN 277-2'),
(1143, 'Halle', 'hall', 'HALL', '2019-10-06', 'DIN 277-1, DIN 277-2'),
(1144, 'Festsaal', 'banqueting hall', 'BANQU', '2019-10-06', 'DIN 277-1, DIN 277-2'),
(1145, 'Kino', 'movie theater', 'MOVIE', '2019-10-06', 'DIN 277-1, DIN 277-2'),
(1147, 'Spielkasino', 'casino', 'CASI', '2019-10-06', 'DIN 277-1, DIN 277-2'),
(1148, 'Produktionsgebäude', 'production building', 'B.PROD', '2019-10-06', 'DIN 277-1, DIN 277-2'),
(1149, 'Fabrik', 'factory', 'FACTO', '2019-10-06', 'DIN 277-1, DIN 277-2'),
(1150, 'Betriebsgebäude', 'company building', 'B.CMPY', '2019-10-06', 'DIN 277-1, DIN 277-2'),
(1151, 'Brauerei', 'brewery', 'BREWE', '2019-10-06', 'DIN 277-1, DIN 277-2'),
(1152, 'Brennerei', 'distillery', 'DISTI', '2019-10-06', 'DIN 277-1, DIN 277-2'),
(1153, 'Werkstatt', 'workshop', 'WRKS', '2019-10-06', 'DIN 277-1, DIN 277-2'),
(1154, 'Sägewerk', 'sawmill', 'SAWMI', '2019-10-06', 'DIN 277-1, DIN 277-2'),
(1155, 'Tankstelle', 'petrol station', 'PTRL', '2019-10-06', 'DIN 277-1, DIN 277-2'),
(1156, 'Waschstraße, Waschanlage, Waschhalle', 'car wash', 'CARW', '2019-10-06', 'DIN 277-1, DIN 277-2'),
(1157, 'Kühlhaus', 'cold storage', 'COLD.STO', '2019-10-06', 'DIN 277-1, DIN 277-2'),
(1158, 'Speichergebäude', 'storage building', 'B.STO', '2019-10-06', 'DIN 277-1, DIN 277-2'),
(1159, 'Lagerhalle, Lagerschuppen, Lagerhaus', 'warehouse ', 'WARH', '2019-10-06', 'DIN 277-1, DIN 277-2'),
(1160, 'Geschlossenes Lagerhaus', 'closed warehouse', 'WARH.CLOS', '2019-10-06', 'DIN 277-1, DIN 277-2'),
(1161, 'Bergwerk', 'mine', 'MINE', '2019-10-06', 'DIN 277-1, DIN 277-2'),
(1162, 'Saline', 'saltworks', 'SALTW', '2019-10-06', 'DIN 277-1, DIN 277-2'),
(1163, 'Mühle', 'mill', 'MILL', '2019-10-06', 'DIN 277-1, DIN 277-2'),
(1164, 'Windmühle', 'windmill', 'WINDM', '2019-10-06', 'DIN 277-1, DIN 277-2'),
(1165, 'Wassermühle', 'water mill', 'WS.MILL', '2019-10-06', 'DIN 277-1, DIN 277-2'),
(1166, 'Schöpfwerk', 'sewage pumping station', 'PU.SEW', '2019-10-06', 'DIN 277-1, DIN 277-2'),
(1168, 'Rechenzentrum', 'data center', 'DATA', '2019-10-06', 'DIN 277-1, DIN 277-2'),
(1169, 'Bauwerk für technische Zwecke', 'building for technical purposes', 'TECH.PURP', '2019-10-06', 'DIN 277-1, DIN 277-2'),
(1170, 'Betriebsgebäude zu Verkehrsanlagen (allgemein)', 'company buildings for traffic facilities (general)', 'CMPY.TRAF', '2019-10-06', 'DIN 277-1, DIN 277-2'),
(1171, 'Betriebsgebäude für Straßenverkehr', 'company building for road traffic', 'CMPY.ROAD', '2019-10-06', 'DIN 277-1, DIN 277-2'),
(1172, 'Straßenmeisterei', 'road maintenance depot', 'ROAD', '2019-10-06', 'DIN 277-1, DIN 277-2'),
(1173, 'Wartehalle', 'waiting hall', 'WAITI', '2019-10-06', 'DIN 277-1, DIN 277-2'),
(1174, 'Betriebsgebäude für Schienenverkehr', 'railway premises', 'RAIL.PREM', '2019-10-06', 'DIN 277-1, DIN 277-2'),
(1175, 'Bahnwärterhaus', 'guard\'s house', 'GUARD', '2019-10-06', 'DIN 277-1, DIN 277-2'),
(1176, 'Lokschuppen, Wagenhalle', 'locomotive shed, wagon shed', 'LOCOM', '2019-10-06', 'DIN 277-1, DIN 277-2'),
(1177, 'Stellwerk, Blockstelle', 'signal station, interlocking point', 'SIGNA', '2019-10-06', 'DIN 277-1, DIN 277-2'),
(1178, 'Betriebsgebäude des Güterbahnhofs', 'depot of the freight station', 'DEP.FRES', '2019-10-06', 'DIN 277-1, DIN 277-2'),
(1179, 'Betriebsgebäude für Flugverkehr', 'air traffic operations building', 'AIR.OPR', '2019-10-06', 'DIN 277-1, DIN 277-2'),
(1180, 'Flugzeughalle', 'hangar', 'HANG', '2019-10-06', 'DIN 277-1, DIN 277-2'),
(1181, 'Betriebsgebäude für Schiffsverkehr', 'ship traffic service building', 'SHI.SERV', '2019-10-06', 'DIN 277-1, DIN 277-2'),
(1182, 'Werft (Halle)', 'shipyard (hall)', 'SHIPY', '2019-10-06', 'DIN 277-1, DIN 277-2'),
(1183, 'Dock (Halle)', 'dock (hall)', 'DOCK', '2019-10-06', 'DIN 277-1, DIN 277-2'),
(1184, 'Betriebsgebäude Schleuse', 'service building lock', 'LOCK.SERV', '2019-10-06', 'DIN 277-1, DIN 277-2'),
(1185, 'Bootshaus', 'boathouse', 'BOATH', '2019-10-06', 'DIN 277-1, DIN 277-2'),
(1186, 'Betriebsgebäude zur Seilbahn', 'service building for the cable car', 'SERV.CABC', '2019-10-06', 'DIN 277-1, DIN 277-2'),
(1187, 'Spannwerk zur Drahtseilbahn', 'tensioning device for the cable railway', 'TEN.CABR', '2019-10-06', 'DIN 277-1, DIN 277-2'),
(1188, 'Gebäude zum Parken', 'parking building', 'PARKI', '2019-10-06', 'DIN 277-1, DIN 277-2'),
(1189, 'Parkhaus', 'car park', 'CAR.PAR', '2019-10-06', 'DIN 277-1, DIN 277-2'),
(1190, 'Parkdeck', 'parking level', 'PAR.LEV', '2019-10-06', 'DIN 277-1, DIN 277-2'),
(1192, 'Fahrzeughalle', 'vehicle hall', 'VEHIC', '2019-10-06', 'DIN 277-1, DIN 277-2'),
(1193, 'Tiefgarage', 'underground car park', 'UDG.CAR', '2019-10-06', 'DIN 277-1, DIN 277-2'),
(1194, 'Flughafen, Terminal', 'airport, terminal', 'AIRP.TERM', '2019-10-06', 'DIN 277-1, DIN 277-2'),
(1195, 'Flughafen, Frachthalle', 'airport, cargo hall', 'AIRP.CARG', '2019-10-06', 'DIN 277-1, DIN 277-2'),
(1196, 'Flughafen, Wartung/Hangar', 'airport, maintenance/hangar', 'AIRP.HANG', '2019-10-06', 'DIN 277-1, DIN 277-2'),
(1197, 'Flughafen, Werkstatt', 'airport, workshop', 'AIRP.WORKS', '2019-10-06', 'DIN 277-1, DIN 277-2'),
(1198, 'Bahnhof bis 5000 m²', 'railway station up to 5000 m²', 'RAILS.5000', '2019-10-06', 'DIN 277-1, DIN 277-2'),
(1199, 'Bahnhof über 5000 m²', 'railway station over 5000 m²', 'RAILS.5001', '2019-10-06', 'DIN 277-1, DIN 277-2'),
(1200, 'Bahnhofsgebäude', 'station building', 'STATI', '2019-10-06', 'DIN 277-1, DIN 277-2'),
(1201, 'Flughafengebäude', 'airport building', 'AIRP', '2019-10-06', 'DIN 277-1, DIN 277-2'),
(1202, 'Gebäude zum U-Bahnhof', 'building to the underground station', 'UDG', '2019-10-06', 'DIN 277-1, DIN 277-2'),
(1203, 'Gebäude zum S-Bahnhof', 'building to the suburban railway station', 'SUBU', '2019-10-06', 'DIN 277-1, DIN 277-2'),
(1204, 'Gebäude zum Busbahnhof', 'building to the bus station', 'BUS', '2019-10-06', 'DIN 277-1, DIN 277-2'),
(1205, 'Empfangsgebäude Schifffahrt', 'reception building shipping', 'RECEP.SHIP', '2019-10-06', 'DIN 277-1, DIN 277-2'),
(1206, 'Wasserwerk', 'waterworks', 'WS.WOR', '2019-10-06', 'DIN 277-1, DIN 277-2'),
(1207, 'Pumpstation', 'pumping station', 'B.PU', '2019-10-06', 'DIN 277-1, DIN 277-2'),
(1208, 'Wasserbehälter', 'water tank', 'WS.TANK', '2019-10-06', 'DIN 277-1, DIN 277-2'),
(1209, 'Elektrizitätswerk', 'power station', 'B.EL.POW', '2019-10-06', 'DIN 277-1, DIN 277-2'),
(1210, 'Umspannwerk', 'transformer station', 'TRANS', '2019-10-06', 'DIN 277-1, DIN 277-2'),
(1211, 'Umformer', 'converters', 'CONVE', '2019-10-06', 'DIN 277-1, DIN 277-2'),
(1212, 'Reaktorgebäude', 'reactor building', 'REACT', '2019-10-06', 'DIN 277-1, DIN 277-2');
INSERT INTO `abbreviation` (`abbreviation_id`, `name_german`, `name_english`, `budo`, `version`, `comment`) VALUES
(1213, 'Turbinenhaus', 'turbine house', 'TURBI', '2019-10-06', 'DIN 277-1, DIN 277-2'),
(1214, 'Kesselhaus', 'boiler house', 'B.BOI', '2019-10-06', 'DIN 277-1, DIN 277-2'),
(1215, 'Gebäude des Gaswerks', 'building of gas plant', 'B.GAS', '2019-10-06', 'DIN 277-1, DIN 277-2'),
(1216, 'Gebäude des Heizwerks', 'building of heating plant', 'B.H.PLANT', '2019-10-06', 'DIN 277-1, DIN 277-2'),
(1217, 'Pumpwerk (nicht für Wasserversorgung)', 'pump station (not for water supply)', 'PU.NFWS', '2019-10-06', 'DIN 277-1, DIN 277-2'),
(1218, 'Gebäude zur Abwasserbeseitigung', 'sewerage building', 'SEWE', '2019-10-06', 'DIN 277-1, DIN 277-2'),
(1219, 'Gebäude der Kläranlage', 'sewage plant building', 'SEWA', '2019-10-06', 'DIN 277-1, DIN 277-2'),
(1221, 'Gebäude zur Abfallbehandlung', 'waste treatment building', 'WAST.TREAT', '2019-10-06', 'DIN 277-1, DIN 277-2'),
(1222, 'Müllbunker', 'garbage bunker', 'GARB.BUN', '2019-10-06', 'DIN 277-1, DIN 277-2'),
(1224, 'Schuppen', 'sheds', 'SHEDS', '2019-10-06', 'DIN 277-1, DIN 277-2'),
(1225, 'Stall', 'stable', 'STABL', '2019-10-06', 'DIN 277-1, DIN 277-2'),
(1226, 'Stall für Tiergroßhaltung', 'stable for large animal husbandry', 'STABL.LAH', '2019-10-06', 'DIN 277-1, DIN 277-2'),
(1228, 'Wirtschaftsgebäude', 'agriculture building', 'AGR', '2019-10-06', 'DIN 277-1, DIN 277-2'),
(1229, 'Almhütte', 'alpine hut', 'ALPIN', '2019-10-06', 'DIN 277-1, DIN 277-2'),
(1230, 'Jagdhaus, Jagdhütte', 'hunting lodge, hunting lodge', 'HUNTI', '2019-10-06', 'DIN 277-1, DIN 277-2'),
(1231, 'Gewächshaus', 'greenhouse', 'GREEN', '2019-10-06', 'DIN 277-1, DIN 277-2'),
(1232, 'Treibhaus', 'glasshouse', 'GLASS', '2019-10-06', 'DIN 277-1, DIN 277-2'),
(1233, 'Gewächshaus, verschiebbar', 'greenhouse, movable', 'GREEN.MOV', '2019-10-06', 'DIN 277-1, DIN 277-2'),
(1234, 'Parlament', 'parliament', 'PARLI', '2019-10-06', 'DIN 277-1, DIN 277-2'),
(1235, 'Rathaus', 'town hall', 'TOWN', '2019-10-06', 'DIN 277-1, DIN 277-2'),
(1236, 'Post', 'post office', 'POST', '2019-10-06', 'DIN 277-1, DIN 277-2'),
(1237, 'Zollamt', 'customs office', 'OFFI.CUSTO', '2019-10-06', 'DIN 277-1, DIN 277-2'),
(1238, 'Gericht', 'court', 'COURT', '2019-10-06', 'DIN 277-1, DIN 277-2'),
(1239, 'Botschaft, Konsulat', 'embassy, consulate', 'EMBAS', '2019-10-06', 'DIN 277-1, DIN 277-2'),
(1240, 'Kreisverwaltung', 'district administration', 'DISTR', '2019-10-06', 'DIN 277-1, DIN 277-2'),
(1241, 'Bezirksregierung', 'regional administration', 'REGIO', '2019-10-06', 'DIN 277-1, DIN 277-2'),
(1242, 'Finanzamt', 'tax office', 'TAX', '2019-10-06', 'DIN 277-1, DIN 277-2'),
(1243, 'Verwaltungsgebäude mit höherer technischer Ausstattung', 'administration building with higher technical equipment', 'ADM.TEC.EQ.HIGH', '2019-10-06', 'DIN 277-1, DIN 277-2'),
(1244, 'Verwaltungsgebäude, normale technische Ausstattung', 'administration buildings, normal technical equipment', 'ADM.TEC.EQ.NORM', '2019-10-06', 'DIN 277-1, DIN 277-2'),
(1245, 'Ministerium', 'ministry', 'MINIS', '2019-10-06', 'DIN 277-1, DIN 277-2'),
(1246, 'Allgemein bildende Schule', 'general education school', 'SCHO.GNR.EDU', '2019-10-06', 'DIN 277-1, DIN 277-2'),
(1247, 'Berufsbildende Schule', 'vocational school', 'B.VOCA', '2019-10-06', 'DIN 277-1, DIN 277-2'),
(1248, 'Universitätsgebäude', 'university building (technical college, university)', 'UNIV', '2019-10-06', 'DIN 277-1, DIN 277-2'),
(1249, 'Forschungsinstitut', 'research institute', 'RESEA', '2019-10-06', 'DIN 277-1, DIN 277-2'),
(1250, 'Gebäude für Forschungszwecke', 'building for research purposes', 'RESP', '2019-10-06', 'DIN 277-1, DIN 277-2'),
(1251, 'Fachhochschulgebäude', 'building of university of applied sciences', 'UNIV.APPS', '2019-10-06', 'DIN 277-1, DIN 277-2'),
(1252, 'Institutsgebäude für Forschung und Untersuchung', 'institute building for research and investigation', 'INSTI.RESEA', '2019-10-06', 'DIN 277-1, DIN 277-2'),
(1253, 'Institutsgebäude I', 'institute building I', 'INSTI.I', '2019-10-06', 'DIN 277-1, DIN 277-2'),
(1254, 'Institutsgebäude II', 'institute building II', 'INSTI.II', '2019-10-06', 'DIN 277-1, DIN 277-2'),
(1255, 'Institutsgebäude III', 'institute building III', 'INSTI.III', '2019-10-06', 'DIN 277-1, DIN 277-2'),
(1256, 'Institutsgebäude IV', 'institute building IV', 'INSTI.IV', '2019-10-06', 'DIN 277-1, DIN 277-2'),
(1257, 'Institutsgebäude V', 'institute building V', 'INSTI.V', '2019-10-06', 'DIN 277-1, DIN 277-2'),
(1258, 'Institutsgebäude für Lehre und Forschung', 'institute building for teaching and research', 'INSTI.TEACH.RESEA', '2019-10-06', 'DIN 277-1, DIN 277-2'),
(1259, 'Hörsaalgebäude', 'auditorium building', 'AUDIT', '2019-10-06', 'DIN 277-1, DIN 277-2'),
(1260, 'Weiterbildungseinrichtung', 'training facility', 'TRAI.FACI', '2019-10-06', 'DIN 277-1, DIN 277-2'),
(1261, 'Sonderschule', 'special needs school', 'SPECI.SCHO', '2019-10-06', 'DIN 277-1, DIN 277-2'),
(1262, 'Schulgebäude', 'school building', 'SCHO', '2019-10-06', 'DIN 277-1, DIN 277-2'),
(1263, 'Laborgebäude', 'laboratory building', 'B.LAB', '2019-10-06', 'DIN 277-1, DIN 277-2'),
(1264, 'Schloss', 'palace', 'PALAC', '2019-10-06', 'DIN 277-1, DIN 277-2'),
(1265, 'Theater', 'theater', 'THEAT', '2019-10-06', 'DIN 277-1, DIN 277-2'),
(1266, 'Konzertgebäude', 'concert hall', 'CONCE', '2019-10-06', 'DIN 277-1, DIN 277-2'),
(1267, 'Museum', 'museum', 'MUSM', '2019-10-06', 'DIN 277-1, DIN 277-2'),
(1268, 'Rundfunk, Fernsehen', 'radio, television', 'RADIO.TV', '2019-10-06', 'DIN 277-1, DIN 277-2'),
(1269, 'Veranstaltungsgebäude', 'event building', 'EVNT', '2019-10-06', 'DIN 277-1, DIN 277-2'),
(1270, 'Bibliothek, Bücherei', 'library', 'LIBR', '2019-10-06', 'DIN 277-1, DIN 277-2'),
(1271, 'Burg, Festung', 'castle, fortress', 'CASTL', '2019-10-06', 'DIN 277-1, DIN 277-2'),
(1272, 'Touristisches Informationszentrum', 'tourist information centre', 'TOUR', '2019-10-06', 'DIN 277-1, DIN 277-2'),
(1273, 'Oper', 'opera', 'OPERA', '2019-10-06', 'DIN 277-1, DIN 277-2'),
(1274, 'Ausstellungsgebäude', 'exhibition building', 'EXHIB', '2019-10-06', 'DIN 277-1, DIN 277-2'),
(1275, 'Kirche', 'church', 'CHURC', '2019-10-06', 'DIN 277-1, DIN 277-2'),
(1276, 'Synagoge', 'synagog', 'SYNAG', '2019-10-06', 'DIN 277-1, DIN 277-2'),
(1277, 'Kapelle', 'chapel', 'CHAPE', '2019-10-06', 'DIN 277-1, DIN 277-2'),
(1278, 'Gemeindehaus', 'parish hall', 'PARIS', '2019-10-06', 'DIN 277-1, DIN 277-2'),
(1279, 'Gotteshaus', 'house of god', 'GOD', '2019-10-06', 'DIN 277-1, DIN 277-2'),
(1280, 'Moschee', 'mosque', 'MOSQU', '2019-10-06', 'DIN 277-1, DIN 277-2'),
(1281, 'Tempel', 'temple', 'TEMPL', '2019-10-06', 'DIN 277-1, DIN 277-2'),
(1282, 'Kloster', 'monastery', 'MONAS', '2019-10-06', 'DIN 277-1, DIN 277-2'),
(1283, 'Krankenhaus', 'hospital', 'HOSP', '2019-10-06', 'DIN 277-1, DIN 277-2'),
(1284, 'Heilanstalt, Pflegeanstalt, Pflegestation', 'sanatorium, nursing home, nursing ward', 'SANA.NURS', '2019-10-06', 'DIN 277-1, DIN 277-2'),
(1285, 'Ärztehaus, Poliklinik', 'medical center, polyclinic', 'MEDIC.POLY', '2019-10-06', 'DIN 277-1, DIN 277-2'),
(1286, 'Arztpraxis', 'medical practice', 'MEDIC.PRAC', '2019-10-06', 'DIN 277-1, DIN 277-2'),
(1287, 'Rettungsstelle', 'rescue station', 'RESCU', '2019-10-06', 'DIN 277-1, DIN 277-2'),
(1288, 'Freiberufliches Gesundheitswesen', 'freelance health service', 'HEALT.FREEL', '2019-10-06', 'DIN 277-1, DIN 277-2'),
(1289, 'Krankenhaus bis 250 Betten', 'hospital up to 250 beds', 'HOSP.250', '2019-10-06', 'DIN 277-1, DIN 277-2'),
(1290, 'Krankenhaus von 251 bis 1000 Betten', 'hospital from 251 to 1000 beds', 'HOSP.251', '2019-10-06', 'DIN 277-1, DIN 277-2'),
(1291, 'Krankenhaus mit über 1000 Betten', 'hospital with over 1000 beds', 'HOSP.1001', '2019-10-06', 'DIN 277-1, DIN 277-2'),
(1292, 'Rehabilitationszentrum', 'rehabilitation centre', 'REHAB', '2019-10-06', 'DIN 277-1, DIN 277-2'),
(1293, 'Jugendfreizeitheim', 'youth leisure centre', 'YOUTH.CENT', '2019-10-06', 'DIN 277-1, DIN 277-2'),
(1294, 'Freizeit-, Vereinsheim, Dorfgemeinschafts-, Bürgerhaus', 'leisure, club house, village community centre, community centre', 'COMMU.CENT', '2019-10-06', 'DIN 277-1, DIN 277-2'),
(1295, 'Seniorenfreizeitstätte', 'senior citizens\' leisure centre', 'SENIO', '2019-10-06', 'DIN 277-1, DIN 277-2'),
(1296, 'Obdachlosenheim', 'homeless shelter', 'HOMEL', '2019-10-06', 'DIN 277-1, DIN 277-2'),
(1297, 'Kinderkrippe, Kindergarten, Kindertagesstätte', 'day nursery, kindergarten, day care centre', 'KINDER', '2019-10-06', 'DIN 277-1, DIN 277-2'),
(1298, 'Asylbewerberheim', 'refugee center', 'REFUGEE', '2019-10-06', 'DIN 277-1, DIN 277-2'),
(1299, 'Gemeinschaftsunterkunft', 'shared accommodation', 'SHARE', '2019-10-06', 'DIN 277-1, DIN 277-2'),
(1300, 'Jugendhaus', 'youth center', 'YOUTH', '2019-10-06', 'DIN 277-1, DIN 277-2'),
(1301, 'Betreuungseinrichtung', 'care facility', 'CARE', '2019-10-06', 'DIN 277-1, DIN 277-2'),
(1302, 'Gemeinschaftshaus', 'community house', 'COMMU', '2019-10-06', 'DIN 277-1, DIN 277-2'),
(1303, 'Polizei', 'police', 'POLIC', '2019-10-06', 'DIN 277-1, DIN 277-2'),
(1304, 'Feuerwehr', 'fire department', 'FIRED', '2019-10-06', 'DIN 277-1, DIN 277-2'),
(1305, 'Kaserne', 'barracks', 'BARRA', '2019-10-06', 'DIN 277-1, DIN 277-2'),
(1306, 'Schutzbunker', 'protective bunker', 'PROTE', '2019-10-06', 'DIN 277-1, DIN 277-2'),
(1307, 'Justizvollzugsanstalt', 'prison', 'PRISO', '2019-10-06', 'DIN 277-1, DIN 277-2'),
(1308, 'Trauerhalle', 'mortuary', 'MORTU', '2019-10-06', 'DIN 277-1, DIN 277-2'),
(1309, 'Krematorium', 'crematorium', 'CREMA', '2019-10-06', 'DIN 277-1, DIN 277-2'),
(1310, 'Empfangsgebäude', 'reception building', 'RECEP', '2019-10-06', 'DIN 277-1, DIN 277-2'),
(1311, 'Gebäude für Sportzwecke', 'sports buildings', 'SPORT', '2019-10-06', 'DIN 277-1, DIN 277-2'),
(1313, 'Gebäude zum Sportplatz', 'building to the sports field', 'SPORT.FILD', '2019-10-06', 'DIN 277-1, DIN 277-2'),
(1314, 'Badegebäude', 'bathhouse', 'BATHH', '2019-10-06', 'DIN 277-1, DIN 277-2'),
(1315, 'Gebäude im Freibad', 'building in outdoor pool', 'OUTD.POOL', '2019-10-06', 'DIN 277-1, DIN 277-2'),
(1316, 'Gebäude im Stadion', 'stadium building', 'STAD', '2019-10-06', 'DIN 277-1, DIN 277-2'),
(1317, 'Gebäude für Kurbetrieb', 'building for cure', 'CURE', '2019-10-06', 'DIN 277-1, DIN 277-2'),
(1318, 'Badegebäude für medizinische Zwecke', 'baths for medical purposes', 'BATH.MEDIC', '2019-10-06', 'DIN 277-1, DIN 277-2'),
(1319, 'Sanatorium', 'sanitarium', 'SANIT', '2019-10-06', 'DIN 277-1, DIN 277-2'),
(1320, 'Sondersportanlage', 'special sports facility', 'SPORT.SPECI', '2019-10-06', 'DIN 277-1, DIN 277-2'),
(1321, 'Sportheim', 'sports club', 'SPORT.CLUB', '2019-10-06', 'DIN 277-1, DIN 277-2'),
(1322, 'Freizeitzentrum', 'leisure centre', 'LEISUC', '2019-10-06', 'DIN 277-1, DIN 277-2'),
(1325, 'Empfangsgebäude des Zoos', 'zoo reception building', 'ZOO.RECEP', '2019-10-06', 'DIN 277-1, DIN 277-2'),
(1326, 'Aquarium, Terrarium, Voliere', 'aquarium, terrarium, aviary', 'AQUA', '2019-10-06', 'DIN 277-1, DIN 277-2'),
(1327, 'Tierschauhaus', 'animal show house', 'ANIMA', '2019-10-06', 'DIN 277-1, DIN 277-2'),
(1328, 'Stall im Zoo', 'stable in the zoo', 'STABL.ZOO', '2019-10-06', 'DIN 277-1, DIN 277-2'),
(1329, 'Gebäude im botanischen Garten', 'building in the botanical garden', 'BOTA', '2019-10-06', 'DIN 277-1, DIN 277-2'),
(1330, 'Empfangsgebäude des botanischen Gartens', 'reception building of the botanical garden', 'BOTA.RECEP', '2019-10-06', 'DIN 277-1, DIN 277-2'),
(1331, 'Gewächshaus (Botanik)', 'greenhouse (botany)', 'GRNB', '2019-10-06', 'DIN 277-1, DIN 277-2'),
(1332, 'Pflanzenschauhaus', 'plant show house', 'PLNT.SHOW', '2019-10-06', 'DIN 277-1, DIN 277-2'),
(1333, 'Gebäude für andere Erholungseinrichtung', 'building for other recreational facilities', 'RECREA', '2019-10-06', 'DIN 277-1, DIN 277-2'),
(1334, 'Schutzhütte', 'refuge', 'REFUGE', '2019-10-06', 'DIN 277-1, DIN 277-2'),
(1335, 'Raum', 'room', 'R', '2019-10-06', ''),
(1336, 'Beschleunigung', 'acceleration', 'ACC', '2019-10-06', ''),
(1337, 'Währung', 'currency', 'CURR', '2019-10-06', ''),
(1338, 'Dichte', 'density', 'DEN', '2019-10-06', ''),
(1339, 'Elektrisch', 'electrical', 'EL', '2019-10-27', 'only as vocabulary (without function)'),
(1340, 'Energie', 'energy', 'EN', '2019-10-06', ''),
(1341, 'Enthalpie', 'enthalpy', 'ENTA', '2019-10-06', ''),
(1342, 'Entrophie', 'entrophy', 'ENTO', '2019-10-06', ''),
(1343, 'Kraft', 'force', 'FOR', '2019-10-06', ''),
(1344, 'Frequenz', 'frequency', 'FQ', '2019-10-06', ''),
(1345, 'Feuchtigkeit', 'humidity', 'HUM', '2019-10-06', ''),
(1346, 'Länge', 'length', 'LEN', '2019-10-06', ''),
(1347, 'Masse', 'mass', 'M', '2019-10-06', ''),
(1348, 'Leistung', 'power', 'POW', '2019-10-06', ''),
(1349, 'Strahlung', 'radiation', 'RADI', '2019-10-06', ''),
(1350, 'Schall', 'sound', 'SOU', '2019-10-06', ''),
(1351, 'Zeit', 'time', 'TIM', '2019-10-06', ''),
(1352, 'Drehmoment', 'torque', 'TQ', '2019-10-06', ''),
(1353, 'Fläche', 'area', 'AR', '2019-10-06', ''),
(1354, 'Volumen', 'volume', 'VOL', '2019-10-06', ''),
(1355, 'Andere Einheiten', 'other units', 'U.OTH', '2019-10-06', ''),
(1356, 'Beschleunigung Einheit', 'acceleration unit', 'ACC', '2019-10-06', ''),
(1357, 'Währung Einheit', 'currency unit', 'CURR', '2019-10-06', ''),
(1358, 'Dichte Einheit', 'density unit', 'DEN', '2019-10-06', ''),
(1359, 'Elektrisch Einheit', 'electrical unit', 'EL', '2019-10-06', ''),
(1360, 'Energie Einheit', 'energy unit', 'EN', '2019-10-06', ''),
(1361, 'Enthalpie Einheit', 'enthalpy unit', 'ENTA', '2019-10-06', ''),
(1362, 'Entrophie Einheit', 'entrophy unit', 'ENTO', '2019-10-06', ''),
(1363, 'Kraft Einheit', 'force unit', 'FOR', '2019-10-06', ''),
(1364, 'Frequenz Einheit', 'frequency unit', 'FQ', '2019-10-06', ''),
(1365, 'Feuchtigkeit Einheit', 'humidity unit', 'HUM', '2019-10-06', ''),
(1366, 'Länge Einheit', 'length unit', 'LEN', '2019-10-06', ''),
(1367, 'Licht Einheit', 'light unit', 'LI', '2019-10-06', ''),
(1368, 'Masse Einheit', 'mass unit', 'M', '2019-10-06', ''),
(1369, 'Massenstrom Einheit', 'mass flow unit', 'MF', '2019-10-06', ''),
(1370, 'Leistung Einheit', 'power unit', 'POW', '2019-10-06', ''),
(1371, 'Druck Einheit', 'pressure unit', 'P', '2019-10-06', ''),
(1372, 'Strahlung Einheit', 'radiation unit', 'RADI', '2019-10-06', ''),
(1373, 'Schall Einheit', 'sound unit', 'SOU', '2019-10-06', ''),
(1374, 'Temperatur Einheit', 'temperature unit', 'T', '2019-10-06', ''),
(1375, 'Zeit Einheit', 'time unit', 'TIM', '2019-10-06', ''),
(1376, 'Drehmoment Einheit', 'torque unit', 'TQ', '2019-10-06', ''),
(1377, 'Volumenstrom Einheit', 'volume flow unit', 'VF', '2019-10-06', ''),
(1378, 'Fläche Einheit', 'area unit', 'AR', '2019-10-06', ''),
(1379, 'Volumen Einheit', 'volume unit', 'VOL', '2019-10-06', ''),
(1380, 'Andere Einheiten', 'other units', 'U.OTH', '2019-10-06', ''),
(1381, 'Geschwindigkeit Einheit', 'velocity unit', 'VC', '2019-10-06', ''),
(1382, 'Dampf', 'steam', 'STE', '2019-10-27', ''),
(1383, 'Frischwasser', 'makeup water', 'MKU', '2019-10-27', ''),
(1384, 'Abschlämmwasser', 'blowdown water', 'BLD', '2019-10-27', ''),
(1385, 'Eis', 'ice', 'ICE', '2019-10-27', ''),
(1386, 'Hagel', 'hail', 'HAIL', '2019-10-27', ''),
(1387, 'Kondensationswasser', 'condenser water', 'COND', '2019-10-27', ''),
(1388, 'PM10 Level', 'PM10 Level', 'PM10', '2019-10-27', ''),
(1389, 'PM25 Level', 'PM25 Level', 'PM25', '2019-10-27', ''),
(1390, 'Wirkleistung', 'active power', 'POW.ACT', '2019-10-27', ''),
(1391, 'Kapazitätssensor', 'capacity sensor', 'CAP', '2019-10-27', ''),
(1392, 'Leitfähigkeitssensor', 'conductivity sensor', 'CONDC', '2019-10-27', ''),
(1393, 'Deionisiertes Wasser', 'deionised water', 'DEIO', '2019-10-27', ''),
(1394, 'Elektrische Stromstärke', 'electric current', 'EL.CUR', '2019-10-27', ''),
(1395, 'Wechselstrom', 'alternating current', 'AC', '2019-10-27', ''),
(1396, 'Gleichstrom', 'direct current', 'DC', '2019-10-27', ''),
(1397, 'Phasenwinkel', 'current angle', 'CUR.AN', '2019-10-27', ''),
(1398, 'Stromunsymmetrie', 'current imbalance', 'CUR.IMB', '2019-10-27', ''),
(1399, 'Stromamplitude', 'current magnitude', 'CUR.MAG', '2019-10-27', ''),
(1400, 'Klirrfaktor ', 'total harmonic current distortion', 'THDC', '2019-10-27', ''),
(1401, 'Tageszeit', 'daytime', 'DYT', '2019-10-27', ''),
(1402, 'Richtung', 'direction', 'DI', '2019-10-27', ''),
(1403, 'Getreidesensor', 'grains sensor', 'GRAIN', '2019-10-27', ''),
(1404, 'Lichtstrom', 'luminous flux', 'LI.FLU', '2019-10-27', ''),
(1405, 'Lichtintensität', 'luminous intensity', 'LI.INT', '2019-10-27', ''),
(1406, 'Komplexe Scheinleistung', 'complex power', 'POW.CMX', '2019-10-27', ''),
(1407, 'Niederschlag', 'precipitation', 'PREC', '2019-10-27', ''),
(1408, 'Atmosphärendruck', 'atmospheric pressure', 'P.ATM', '2019-10-27', ''),
(1409, 'Statischer Druck', 'static pressure', 'P.STC', '2019-10-27', ''),
(1410, 'Geschwindigkeit', 'speed', 'SPE', '2019-10-27', ''),
(1411, 'Trockentemperatur', 'dry bulb temperature', 'T.DRYB', '2019-10-27', ''),
(1412, 'Operative Temperatur', 'operative temperature', 'T.OPR', '2019-10-27', ''),
(1413, 'Strahlungstemperatur', 'radiant temperature', 'T.RADI', '2019-10-27', ''),
(1414, 'Feuchttemperatur', 'wet bulb temperature', 'T.WETB', '2019-10-27', ''),
(1415, 'Spannungswinkel', 'voltage angle', 'V.AN', '2019-10-27', ''),
(1416, 'Spannungsungleichheit', 'voltage imbalance', 'V.IMB', '2019-10-27', ''),
(1417, 'Spannungsamplitude', 'voltage magnitude', 'V.MAG', '2019-10-27', ''),
(1418, 'Solare Bestrahlungsstärke', 'solar irradiance', 'SOL.IRR', '2019-10-27', ''),
(1419, 'Bestrahlungsstärke', 'irradiance', 'IRR', '2019-10-27', ''),
(1420, 'Direktnormalstrahlung', 'direct normal irradiance', 'DNI', '2019-10-27', 'common abbreviation'),
(1421, 'Globale geneigte Bestrahlungsstärke', 'global tilted irradiance', 'GTI', '2019-10-27', 'common abbreviation'),
(1422, 'Diffuse Strahlung', 'diffuse irradiance', 'IRR.DIFU', '2019-10-27', ''),
(1423, 'Globale horizontale Bestrahlungsstärke', 'global horizontal irradiance', 'GHI', '2019-10-27', ''),
(1424, 'Erdgas', 'natural gas', 'GAS.NAT', '2019-10-27', ''),
(1425, 'Benzin', 'gasoline', 'GASO', '2019-10-27', ''),
(1426, 'Heizöl', 'fuel oil', 'FUEL', '2019-10-27', ''),
(1427, 'Brauchwasser', 'domestic water', 'DOM', '2019-10-27', ''),
(1428, 'Energiespeicher', 'energy storage', 'EN', '2019-10-27', ''),
(1429, 'Möbel', 'furniture', 'FUR', '2019-10-27', ''),
(1430, 'Dachanlage', 'rooftop unit', 'RTU', '2019-10-27', ''),
(1431, 'Zentrifugal', 'centrifugal', 'CENF', '2019-10-27', ''),
(1432, 'Economiser', 'economizer', 'ECO', '2019-10-27', ''),
(1433, 'Auslass', 'discharge', 'DISC', '2019-10-27', ''),
(1434, 'Reserveventilator', 'stand-by fan', 'STB', '2019-10-27', ''),
(1435, 'Druckerhöhungsgebläse', 'booster fan', 'BOO', '2019-10-27', ''),
(1436, 'Dunstabzug', 'fume hood', 'FUME.HOO', '2019-10-27', ''),
(1437, 'Standheizung', 'space heater', 'SPH', '2019-10-27', ''),
(1438, 'Entnahmestelle', 'terminal unit', 'TU', '2019-10-27', ''),
(1439, 'Gebläsekonvektor', 'fan coil unit', 'FCU', '2019-10-27', ''),
(1440, 'Variable Luftvolumeneinheit', 'variable air volume box', 'VAV', '2019-10-27', ''),
(1441, 'Frequenzumrichter', 'variable frequency drive', 'VFD', '2019-10-27', ''),
(1442, 'Rotationswärmeübertrager', 'heat wheel', 'WHE', '2019-10-27', ''),
(1443, 'Dimmer', 'dimmer', 'DIM', '2019-10-27', ''),
(1444, 'Touch Panel', 'touch panel', 'PAN.TOU', '2019-10-27', ''),
(1445, 'Leuchte', 'luminaire', 'LUM', '2019-10-27', ''),
(1446, 'Betriebsgerät Leuchte', 'luminaire driver', 'DRIV', '2019-10-27', ''),
(1447, 'Steckerleiste', 'plug strip', 'PLS', '2019-10-27', ''),
(1448, 'Stromversorgungssystem', 'power system', 'POW', '2019-10-27', ''),
(1449, 'Beschattungssystem', 'shading system', 'SHA', '2019-10-27', ''),
(1450, 'Solarpanel', 'solar panel', 'SOL.PAN', '2019-10-27', ''),
(1451, 'Dampfanlage', 'steam system', 'EQ.STE', '2019-10-27', ''),
(1452, 'Untergeschoss', 'basement', 'BASE', '2019-10-27', ''),
(1453, 'Stadt', 'city', 'CIT', '2019-10-27', ''),
(1454, 'Geschoss', 'floor', 'FL', '2019-10-27', ''),
(1455, 'Dach', 'roof', 'ROO', '2019-10-27', ''),
(1456, 'Labor', 'laboratory', 'LAB', '2019-10-27', ''),
(1457, 'Kältekammer', 'cold box', 'C', '2019-10-27', ''),
(1458, 'Umweltbox', 'environment box', 'ENV', '2019-10-27', ''),
(1459, 'Gefrierschrank', 'freezer', 'FRE', '2019-10-27', ''),
(1460, 'Hot Box', 'hot box', 'H', '2019-10-27', ''),
(1461, 'Zwischenraum', 'space', 'SPAC', '2019-10-27', ''),
(1462, 'Gebäudeflügel', 'wing', 'WING', '2019-10-27', ''),
(1463, 'Lichtzone', 'lighting zone', 'Z.LIG', '2019-10-27', ''),
(1464, 'Brandzone', 'fire zone', 'Z.FIRE', '2019-10-27', ''),
(1465, 'HLK Zone', 'HVAC zone', 'Z.HVAC', '2019-10-27', ''),
(1466, 'Box', 'box', 'BOX', '2019-10-27', ''),
(1467, 'Gebäudeteil', 'section', 'SC', '2019-10-29', ''),
(1468, 'Binärer Eingang', 'binary input', 'BI', '2019-10-29', ''),
(1469, 'Binärer Ausgang', 'binary output', 'BO', '2019-10-29', ''),
(1470, 'Binärer Wert', 'binary value', 'BV', '2019-10-29', ''),
(1471, 'Analoger Wert', 'analog value', 'AV', '2019-10-29', ''),
(1472, 'Mehrstufige Eingabe', 'multi-state input', 'MSI', '2019-10-29', 'contrary to AMEV (MI)'),
(1473, 'Mehrstufige Ausgabe', 'multi-state output ', 'MSO', '2019-10-29', 'contrary to AMEV (MO)'),
(1474, 'Mehrstufiger Wert', 'multi-state value', 'MSV', '2019-10-29', 'contrary to AMEV (MV)'),
(1475, 'Virtueller Binärer Eingang', 'virtual binary input', 'VBI', '2019-10-29', ''),
(1476, 'Virtueller binärer Ausgang ', 'virtual binary output', 'VBO', '2019-10-29', ''),
(1477, 'Virtueller binärer Wert', 'virtual binary value', 'VBV', '2019-10-29', ''),
(1478, 'Signal', 'signal', 'SIG', '2019-10-29', ''),
(1479, 'Hauptschaltbefehl', 'main switching command', 'MN', '2019-10-29', ''),
(1480, 'Sammelstörmeldung', 'collective malfunction message', 'COLLE', '2019-10-29', ''),
(1481, 'Zuweisung', 'allocation', 'ALL', '2019-10-29', ''),
(1482, 'Motor', 'motor', 'MO', '2019-10-29', ''),
(1483, 'Stellantrieb', 'actuator', 'ACTR', '2019-10-29', ''),
(1484, 'Anzeige', 'display', 'DIS', '2019-10-29', ''),
(1485, 'Hochdruck', 'high-pressure', 'HIP', '2019-10-29', ''),
(1486, 'Unterdruck', 'vacuum', 'VAC', '2019-10-29', ''),
(1487, 'Druckluft', 'compressed air', 'COMP', '2019-10-29', ''),
(1488, 'Elektrische Werkstatt', 'electrical workshop', 'WRKS.EL', '2019-10-29', ''),
(1489, 'Mechanische Werkstatt', 'mechanical workshop', 'WRKS.MEC', '2019-10-29', ''),
(1490, 'Direct-Digital-Control', 'direct digital control', 'DDC', '2019-10-29', ''),
(1491, 'Einspeisung', 'feeding-in', 'FE.IN', '2019-10-29', ''),
(1492, 'Heizung', 'heating', 'H', '2019-10-29', ''),
(1493, 'Statische Heizung', 'static heating', 'H.STC', '2019-10-29', ''),
(1494, 'Zubringer', 'feeder line', 'FEL', '2019-10-29', ''),
(1495, 'Simulierter Binärer Eingang', 'simulated binary input', 'SBI', '2019-10-29', ''),
(1496, 'Simulierter Binärer Ausgang', 'simulated binary output', 'SBO', '2019-10-29', ''),
(1497, 'Bedarf', 'demand', 'DEM', '2019-10-29', ''),
(1499, 'Brenner', 'burner', 'BURN', '2019-10-29', ''),
(1500, 'ausgeschaltet', 'off', 'OFF', '2019-10-29', ''),
(1501, 'eingeschaltet', 'on', 'ON', '2019-10-29', '');

-- --------------------------------------------------------

--
-- Stand-in structure for view `budo_vocabulary`
-- (See below for the actual view)
--
CREATE TABLE `budo_vocabulary` (
`category_german` mediumtext
,`BUDO` varchar(61)
);

-- --------------------------------------------------------

--
-- Table structure for table `category`
--

CREATE TABLE `category` (
  `category_id` int(11) NOT NULL,
  `abbreviation_id` int(11) NOT NULL
) ENGINE=InnoDB DEFAULT CHARSET=utf8;

--
-- Dumping data for table `category`
--

INSERT INTO `category` (`category_id`, `abbreviation_id`) VALUES
(1, 1),
(2, 255),
(3, 256),
(4, 257),
(5, 258),
(6, 259),
(7, 260),
(8, 261),
(9, 262),
(10, 192),
(11, 193),
(12, 194),
(13, 195),
(14, 196),
(15, 197),
(16, 198),
(17, 199),
(18, 200),
(19, 201),
(20, 202),
(21, 203),
(22, 204),
(23, 205),
(24, 206),
(25, 207),
(26, 208),
(27, 209),
(28, 210),
(29, 211),
(30, 212),
(31, 213),
(32, 214),
(33, 215),
(34, 216),
(35, 217),
(36, 218),
(37, 219),
(38, 220),
(39, 221),
(40, 222),
(41, 223),
(42, 253),
(43, 264),
(44, 1335),
(45, 1453),
(46, 1454),
(47, 1461),
(48, 1462),
(49, 1467);

-- --------------------------------------------------------

--
-- Table structure for table `category_assignment`
--

CREATE TABLE `category_assignment` (
  `category_assignment_id` int(11) NOT NULL,
  `category_id` int(10) DEFAULT NULL,
  `abbreviation_id` int(10) DEFAULT NULL
) ENGINE=InnoDB DEFAULT CHARSET=utf8;

--
-- Dumping data for table `category_assignment`
--

INSERT INTO `category_assignment` (`category_assignment_id`, `category_id`, `abbreviation_id`) VALUES
(1, 2, 2),
(2, 2, 3),
(3, 2, 4),
(4, 2, 5),
(5, 2, 6),
(6, 2, 7),
(7, 2, 8),
(8, 2, 9),
(9, 2, 10),
(10, 2, 11),
(11, 2, 12),
(12, 2, 13),
(13, 2, 14),
(14, 2, 15),
(15, 2, 16),
(16, 2, 17),
(17, 2, 18),
(18, 2, 19),
(19, 2, 20),
(20, 2, 21),
(21, 2, 22),
(22, 2, 23),
(23, 2, 24),
(24, 2, 25),
(25, 2, 26),
(26, 2, 27),
(27, 2, 28),
(28, 2, 29),
(29, 2, 30),
(30, 2, 31),
(31, 2, 49),
(32, 2, 50),
(34, 2, 51),
(35, 2, 52),
(36, 2, 53),
(37, 2, 54),
(38, 2, 55),
(40, 2, 56),
(41, 2, 57),
(42, 2, 58),
(43, 2, 59),
(44, 2, 60),
(45, 2, 61),
(46, 2, 62),
(47, 2, 63),
(49, 2, 64),
(50, 2, 65),
(51, 2, 66),
(52, 2, 67),
(54, 2, 68),
(55, 2, 69),
(57, 2, 70),
(58, 2, 71),
(59, 2, 72),
(60, 2, 73),
(61, 2, 74),
(63, 2, 75),
(64, 4, 105),
(65, 4, 106),
(66, 4, 8),
(67, 4, 107),
(68, 4, 108),
(69, 4, 15),
(70, 4, 109),
(71, 4, 20),
(72, 4, 69),
(73, 4, 27),
(74, 5, 105),
(75, 5, 137),
(76, 5, 138),
(77, 5, 139),
(78, 5, 140),
(79, 5, 141),
(80, 5, 142),
(81, 5, 143),
(82, 6, 135),
(83, 6, 136),
(84, 6, 113),
(85, 6, 114),
(86, 7, 144),
(87, 7, 145),
(88, 7, 146),
(89, 7, 147),
(90, 7, 148),
(91, 7, 149),
(92, 8, 167),
(93, 8, 168),
(94, 8, 169),
(95, 8, 170),
(96, 8, 171),
(97, 8, 172),
(98, 8, 173),
(99, 8, 174),
(100, 8, 175),
(101, 8, 176),
(102, 8, 177),
(103, 8, 178),
(104, 8, 179),
(105, 9, 180),
(106, 9, 181),
(107, 9, 182),
(108, 9, 183),
(109, 9, 184),
(110, 9, 185),
(111, 9, 186),
(112, 9, 187),
(113, 9, 188),
(114, 9, 189),
(115, 9, 190),
(116, 9, 191),
(117, 2, 263),
(119, 4, 118),
(120, 5, 125),
(121, 5, 126),
(122, 5, 127),
(123, 5, 128),
(124, 2, 224),
(125, 2, 254),
(126, 2, 226),
(127, 2, 229),
(128, 2, 228),
(129, 2, 247),
(130, 2, 249),
(131, 2, 250),
(132, 2, 269),
(133, 2, 270),
(134, 2, 271),
(135, 2, 265),
(136, 2, 266),
(137, 2, 365),
(138, 2, 433),
(140, 2, 292),
(141, 2, 294),
(142, 2, 295),
(143, 2, 296),
(144, 2, 297),
(145, 2, 298),
(146, 2, 299),
(147, 2, 300),
(148, 2, 334),
(149, 2, 301),
(150, 2, 302),
(151, 2, 303),
(152, 2, 304),
(153, 2, 305),
(154, 2, 335),
(155, 2, 306),
(156, 2, 307),
(157, 2, 308),
(158, 2, 293),
(159, 2, 461),
(160, 2, 460),
(161, 2, 310),
(162, 2, 311),
(163, 2, 230),
(164, 2, 314),
(165, 2, 315),
(166, 2, 336),
(167, 2, 318),
(168, 4, 325),
(169, 5, 321),
(170, 5, 323),
(171, 5, 322),
(172, 5, 324),
(173, 5, 480),
(174, 5, 481),
(175, 5, 326),
(176, 8, 327),
(177, 2, 309),
(178, 2, 329),
(179, 2, 328),
(180, 2, 309),
(181, 2, 337),
(182, 4, 343),
(183, 4, 339),
(184, 8, 491),
(185, 8, 516),
(186, 8, 493),
(187, 8, 494),
(188, 7, 536),
(189, 7, 537),
(190, 7, 513),
(191, 8, 502),
(192, 8, 503),
(193, 7, 505),
(194, 8, 521),
(195, 8, 522),
(196, 8, 518),
(197, 8, 519),
(198, 8, 520),
(199, 2, 539),
(200, 8, 534),
(201, 8, 535),
(202, 7, 512),
(203, 7, 540),
(204, 7, 524),
(205, 7, 533),
(206, 7, 529),
(207, 7, 517),
(208, 8, 506),
(209, 8, 507),
(210, 2, 338),
(211, 2, 542),
(212, 2, 543),
(213, 2, 357),
(214, 2, 353),
(215, 2, 342),
(216, 2, 340),
(217, 2, 341),
(218, 2, 360),
(219, 2, 431),
(220, 2, 394),
(221, 2, 457),
(222, 2, 46),
(398, 44, 720),
(399, 44, 721),
(400, 44, 722),
(401, 44, 723),
(402, 44, 724),
(403, 44, 725),
(404, 44, 726),
(405, 44, 727),
(406, 44, 728),
(407, 10, 1034),
(408, 10, 1035),
(409, 10, 1036),
(410, 10, 1037),
(411, 10, 1038),
(412, 10, 1039),
(413, 10, 1040),
(414, 10, 1041),
(415, 10, 1042),
(416, 10, 1043),
(417, 10, 1044),
(418, 10, 1045),
(419, 10, 1046),
(420, 10, 1047),
(421, 10, 1048),
(422, 10, 1049),
(423, 10, 1050),
(424, 10, 1051),
(425, 10, 1052),
(426, 10, 1053),
(427, 10, 1054),
(428, 10, 1055),
(429, 10, 1056),
(430, 10, 1057),
(431, 10, 1058),
(432, 10, 1059),
(433, 10, 1060),
(434, 10, 1061),
(435, 10, 1062),
(436, 10, 1063),
(437, 10, 1064),
(438, 10, 1065),
(439, 10, 1066),
(440, 10, 1067),
(441, 10, 1068),
(442, 10, 1069),
(443, 10, 1070),
(444, 10, 1071),
(445, 10, 1072),
(446, 10, 1073),
(447, 10, 1074),
(448, 10, 1075),
(449, 36, 1356),
(450, 36, 1357),
(451, 36, 1358),
(452, 36, 1359),
(453, 36, 1360),
(454, 36, 1361),
(455, 36, 1362),
(456, 36, 1363),
(457, 36, 1364),
(458, 36, 1365),
(459, 36, 1366),
(460, 36, 1367),
(461, 36, 1368),
(462, 36, 1369),
(463, 36, 1370),
(464, 36, 1371),
(465, 36, 1372),
(466, 36, 1373),
(467, 36, 1374),
(468, 36, 1375),
(469, 36, 1376),
(470, 36, 1377),
(471, 36, 1378),
(472, 36, 1379),
(473, 36, 1355),
(474, 36, 1381),
(475, 2, 455),
(476, 4, 1382),
(477, 4, 1385),
(478, 4, 1386),
(479, 4, 1395),
(480, 4, 1396),
(481, 4, 1424),
(482, 4, 1425),
(483, 4, 1426),
(484, 5, 1433),
(485, 2, 224),
(486, 2, 1466),
(487, 16, 1463),
(488, 16, 1464),
(489, 16, 1465),
(490, 2, 1429),
(491, 2, 1437),
(492, 2, 1448),
(493, 2, 1449),
(494, 2, 1450),
(495, 2, 1451),
(496, 2, 1459),
(497, 2, 1441),
(498, 2, 291),
(499, 46, 1452),
(500, 46, 1455),
(501, 9, 1468),
(502, 9, 1469),
(503, 9, 1470),
(504, 9, 1471),
(505, 9, 1472),
(506, 9, 1473),
(507, 9, 1474),
(508, 7, 166),
(509, 7, 1478),
(510, 7, 1481),
(511, 2, 1482),
(512, 2, 1483),
(513, 7, 1484),
(514, 2, 1490),
(515, 5, 1491),
(516, 2, 1492),
(517, 2, 1493),
(518, 2, 1494),
(519, 9, 1495),
(520, 9, 1496),
(521, 2, 1497),
(522, 2, 1499);

-- --------------------------------------------------------

--
-- Table structure for table `changes`
--

CREATE TABLE `changes` (
  `changes_id` int(11) NOT NULL,
  `abbreviation_id` int(11) NOT NULL,
  `old_description` varchar(200) NOT NULL DEFAULT '',
  `new_description` varchar(200) NOT NULL DEFAULT '',
  `languages_id` int(200) NOT NULL DEFAULT '0',
  `old_abbreviation` varchar(200) NOT NULL DEFAULT '',
  `new_abbreviation` varchar(200) NOT NULL DEFAULT '',
  `version` date NOT NULL,
  `comment` varchar(1000) NOT NULL DEFAULT ''
) ENGINE=InnoDB DEFAULT CHARSET=utf8;

--
-- Dumping data for table `changes`
--

INSERT INTO `changes` (`changes_id`, `abbreviation_id`, `old_description`, `new_description`, `languages_id`, `old_abbreviation`, `new_abbreviation`, `version`, `comment`) VALUES
(1, 192, 'building', 'building', 0, 'BL', 'B', '2018-12-31', 'consistent/information entropy'),
(3, 78, 'Regel/Drossel', 'Regel', 1, '', '', '2018-12-31', ''),
(5, 254, 'Fassadenlüftungsgerät+Deckeninduktionsgerät', 'Mehrere Systeme', 1, '', '', '2018-12-31', ''),
(6, 58, 'damper', 'flap', 2, '', '', '2018-12-31', 'incorrect translation'),
(7, 12, 'refrigerating machine\r\n', 'chiller', 2, '', '', '2018-12-31', 'incorrect translation'),
(8, 149, '', '', 0, 'AL', 'MALF', '2018-12-31', 'incorrect translation'),
(9, 144, '', '', 0, 'ALA', 'AL', '2018-12-31', 'consistent/information entropy'),
(10, 200, '', '', 0, 'ISP', 'IF', '2018-12-31', ''),
(11, 104, 'Reperatur', 'Reparatur', 1, '', '', '2018-12-31', ''),
(12, 165, 'Reperaturschalter', 'Reparaturschalter', 1, '', '', '2018-12-31', ''),
(13, 16, '', '', 0, 'AHU', 'VMA', '2018-12-31', ''),
(14, 142, '', '', 0, 'B.HRC', 'BEF.HRC', '2018-12-31', 'B=Building'),
(15, 61, '', '', 0, 'COIL.H.RE', 'H.RE', '2018-12-31', 'simplification (coil and electrical)'),
(16, 62, '', '', 0, 'COIL.HC.RE', 'HC.RE', '2018-12-31', 'simplification (coil and electrical)'),
(17, 63, '', '', 0, 'COIL.C.RE', 'C.RE', '2018-12-31', 'simplification (coil and electrical)'),
(18, 54, '', '', 0, 'COIL.H.EL', 'H.EL', '2018-12-31', 'simplification (coil and electrical)'),
(19, 71, '', '', 0, 'COIL.H.PR', 'H.PR', '2018-12-31', 'simplification (coil and electrical)'),
(20, 72, '', '', 0, 'COIL.HC.PR', 'HC.PR', '2018-12-31', 'simplification (coil and electrical)'),
(21, 73, '', '', 0, 'COIL.C.PR', 'C.PR', '2018-12-31', 'simplification (coil and electrical)'),
(22, 168, 'stop', 'hold', 2, '', '', '2018-12-31', 'abbreviation not equal to description'),
(23, 175, 'totaled/cumulated', 'summed/cumulated', 2, '', '', '2018-12-31', 'discrepancy between abbreviation and name'),
(24, 151, 'speed', 'rotation speed', 2, '', '', '2018-12-31', 'imprecise'),
(26, 167, 'boost', 'raise', 2, '', '', '2018-12-31', 'discrepancy between abbreviation and name'),
(27, 160, 'replacement company', 'stand-by operation', 2, 'OPR.SUBS', 'OPR.STB', '2018-12-31', 'incorrect translation'),
(28, 161, 'release', 'enabled', 2, 'CLEA', 'ENA', '2018-12-31', 'VDI 3814'),
(29, 87, 'antifreeze', 'frost protection', 2, '', '', '2018-12-31', 'VDI 3814'),
(30, 65, '', '', 0, 'SW', 'SWI', '2018-12-31', 'inconsistent'),
(31, 77, 'Misch', 'Mischluft', 1, 'MX', 'MIA', '2018-12-31', 'DIN EN 16798-3:2017'),
(32, 77, 'mix', 'mixed air', 2, '', '', '2018-12-31', 'DIN EN 16798-3:2017'),
(33, 129, '', '', 0, '', '', '2018-12-31', 'deleted (double with 77)'),
(34, 245, 'schließen/geschlossen', 'geschlossen/schließen', 1, 'CLOS', '', '2018-12-31', 'deleted (double with 162)'),
(35, 245, 'close/closed', 'closed/close', 2, '', '', '2018-12-31', 'deleted (double with 162)'),
(36, 244, '', '', 0, 'STAT.CLOS', 'STAT.CL', '2018-12-31', 'inconsistent'),
(37, 88, '', '', 0, 'GLIR', 'GL.RADI', '2018-12-31', 'inconsistent'),
(38, 27, '', '', 0, 'WS', 'W', '2018-12-31', 'simplification'),
(39, 90, 'cooling quantity', 'cooling energy', 2, '', '', '2018-12-31', 'inconsistent'),
(40, 101, 'heat energy amount', 'heat', 2, '', '', '2018-12-31', ''),
(41, 174, 'nominal value', 'setpoint', 2, '', '', '2018-12-31', 'inconsistent'),
(42, 94, '', '', 0, 'SMOKE', 'SM', '2018-12-31', 'longest vocabulary (data point shorten)'),
(43, 271, '', '', 0, 'SMOKE.EXTR', 'SM.ETA', '2018-12-31', 'longest vocabulary (data point shorten)'),
(44, 430, '', '', 0, 'SMOKE.PROT.SCR', 'SM.PS', '2018-12-31', 'longest vocabulary (data point shorten)'),
(45, 458, '', '', 0, 'SMOKE', 'SM', '2018-12-31', 'longest vocabulary (data point shorten)'),
(46, 464, '', '', 0, 'SMOKE.P', 'SM.P', '2018-12-31', 'longest vocabulary (data point shorten)'),
(47, 465, '', '', 0, 'SMOKE.PROT', 'SM.PT', '2018-12-31', 'longest vocabulary (data point shorten)'),
(48, 120, '', '', 0, 'SUP.ET', 'SUP.ETA', '2018-12-31', 'inconsistent'),
(49, 304, '', '', 0, 'PROT.GLYC', 'PT.GLY', '2018-12-31', 'longest vocabulary (data point shorten)'),
(50, 305, '', '', 0, 'PROT.OIL', 'PT.OIL', '2018-12-31', 'longest vocabulary (data point shorten)'),
(51, 107, '', '', 0, 'GLYC', 'GLY', '2018-12-31', 'longest vocabulary (data point shorten)'),
(52, 173, 'mean', 'average', 2, '', ' ', '2018-12-31', 'inconsistent'),
(53, 137, 'center', 'middle', 2, '', '', '2018-12-31', 'inconsistent'),
(54, 58, 'flap', 'damper', 2, '', '', '2018-12-31', 'incorrect translation'),
(55, 456, 'heat', 'heat quantity', 2, '', '', '2018-12-31', 'imprecise'),
(56, 69, 'ventilator', 'fan', 2, '', '', '2018-12-31', 'inconsistent'),
(57, 85, 'pressure differential', 'pressure difference', 2, '', '', '2018-12-31', 'imprecise'),
(58, 57, 'heating registers', 'heating coil', 2, '', '', '2018-12-31', 'imprecise'),
(59, 60, 'cooling register', 'cooling coil', 2, '', '', '2018-12-31', 'imprecise'),
(60, 56, 'heating and cooling coils', 'heating and cooling coil', 2, '', '', '2018-12-31', 'singular'),
(61, 27, '', '', 0, 'W', 'WS', '2019-09-25', 'W=Watt'),
(62, 471, '', '', 0, 'W', 'WS', '2019-09-25', 'W=Watt'),
(63, 473, '', '', 0, 'W', 'WS', '2019-09-25', 'W=Watt'),
(64, 474, '', '', 0, 'W', 'WS', '2019-09-25', 'W=Watt'),
(65, 476, '', '', 0, 'W', 'WS', '2019-09-25', 'W=Watt'),
(66, 477, '', '', 0, 'W', 'WS', '2019-09-25', 'W=Watt'),
(67, 470, '', '', 0, 'VAR', 'VR', '2019-09-25', 'VAR=Volt-amperes-reactive'),
(68, 193, '', '', 0, 'L', 'LO', '2019-09-25', 'L=Litre'),
(69, 63, '', '', 0, 'C.RE', 'C.AF', '2019-10-06', 'after=AF'),
(70, 319, '', '', 0, 'ODA', 'ODF', '2019-10-06', 'ODA=fresh/outside'),
(71, 410, '', '', 0, 'TRA', 'TRAS', '2019-10-06', 'TRA=transferred'),
(72, 338, '', '', 0, 'WST', 'WTR', '2019-10-06', 'WST=weather station'),
(73, 414, '', '', 0, 'VAC', 'VOAC', '2019-10-06', 'VAC=vacuum'),
(74, 391, '', '', 0, 'DISP', 'DISPI', '2019-10-06', 'DISP=disposal facility'),
(75, 388, '', '', 0, 'ROS', 'REVO', '2019-10-06', 'ROS=room observation system'),
(76, 138, '', '', 0, 'A.HRC', 'AF.HRC', '2019-10-06', 'A=Ampere'),
(77, 321, '', '', 0, 'A.C', 'AF.C', '2019-10-06', 'A=Ampere'),
(78, 322, '', '', 0, 'A.H.PR', 'AF.H.PR', '2019-10-06', 'A=Ampere'),
(79, 481, '', '', 0, 'A.H.RE', 'AF.H.RE', '2019-10-06', 'A=Ampere'),
(80, 158, 'Luftqualität', 'Totale flüchtige organische Verbindungen', 1, 'VOC', 'TVOC', '2019-10-24', 'VOC!=air quality'),
(81, 158, 'air quality', 'total volatile organic compounds', 2, 'VOC', 'TVOC', '2019-10-24', 'VOC!=air quality'),
(82, 101, 'heat', 'thermal energy', 2, '', '', '2019-10-24', ''),
(83, 83, 'illumination', 'illuminance', 2, '', '', '2019-10-25', ''),
(84, 234, '', '', 0, 'WIND.VC', 'WIND.SPE', '2019-10-25', ''),
(85, 366, 'goods lift', 'goods elevator', 2, 'LIF.GOD', 'ELE.GOD', '2019-10-25', 'transfer to american english'),
(86, 367, 'passenger lift', 'passenger elevator', 2, 'LIF.PAS', 'ELE.PAS', '2019-10-25', 'transfer to american english'),
(87, 369, 'lift', 'elevator', 2, 'LIF', 'ELE', '2019-10-25', 'transfer to american english'),
(88, 373, 'external lift', 'external elevator', 2, 'LIF.EXT', 'ELE.EXT', '2019-10-25', 'transfer to american english'),
(89, 1009, 'lift and conveyor system', 'elevator and conveyor system', 2, 'R.LIF', 'R.ELE', '2019-10-25', 'transfer to american english'),
(90, 1027, 'lift shaft', 'elevator shaft', 2, 'SHF.LIF', 'SHF.ELE', '2019-10-25', 'transfer to american english'),
(91, 81, 'fire protection', 'fire safety', 2, '', '', '2019-10-26', 'adapted to brick schema'),
(92, 65, 'switches', 'switch', 2, '', '', '2019-10-27', 'singular'),
(93, 180, 'analog input (AE)', 'analog input', 2, '', '', '2019-10-29', 'wrong translation of abbreviations'),
(94, 181, 'analog output (AA)', 'analog output', 2, '', '', '2019-10-29', 'wrong translation of abbreviations'),
(95, 182, 'digital input (DE/BE)', 'digital input', 2, 'BI', 'DI', '2019-10-29', 'wrong translation of abbreviations'),
(96, 183, 'digital output (DA/BA)', 'digital output', 2, 'BO', 'DO', '2019-10-29', 'wrong translation of abbreviations'),
(97, 184, 'virtual analog input (VAE)', 'virtual analog input', 2, '', '', '2019-10-29', 'wrong translation of abbreviations'),
(98, 185, 'virtual analog output (VAA)', 'virtual analog output', 2, '', '', '2019-10-29', 'wrong translation of abbreviations'),
(99, 186, 'virtual digital input (VDE/VBE)', 'virtual digital input', 2, 'VBI', 'VDI', '2019-10-29', 'wrong translation of abbreviations'),
(100, 187, 'virtual digital output (VDA/VBA)', 'virtual digital output', 2, 'VBO', 'VDO', '2019-10-29', 'wrong translation of abbreviations'),
(101, 182, 'Digitaler Eingang (DE/BE)', 'Digitaler Eingang', 1, '', '', '2019-10-29', 'wrong abbreviation'),
(102, 183, 'Digitaler Ausgang (DA/BA)', 'Digitaler Ausgang', 1, '', '', '2019-10-29', 'wrong abbreviation'),
(103, 190, '', '', 0, 'SBI', 'SDI', '2019-10-29', 'wrong abbreviation'),
(104, 191, '', '', 0, 'SBO', 'SDO', '2019-10-29', 'wrong abbreviation'),
(105, 173, '', '', 0, 'AV', 'AVE', '2019-10-29', 'AV=analog value'),
(106, 134, 'frequency converters', 'frequency converter', 2, '', '', '2019-10-29', ''),
(107, 247, 'Umluftkühlgeräte', 'Umluftkühlgerät', 1, '', '', '2019-10-29', ''),
(108, 42, 'Warmwasser (TW)', 'Warmwasser', 1, '', '', '2019-10-29', ''),
(109, 42, 'hot water (HW)', 'hot water', 2, '', '', '2019-10-29', ''),
(110, 32, 'condensing boilers', 'condensing boiler', 2, '', '', '2019-10-29', ''),
(111, 39, 'cold accumulator', 'cold storage', 2, '', '', '2019-10-29', ''),
(112, 180, 'Analoger Eingang (AE)', 'Analoger Eingang', 1, '', '', '2019-10-29', ''),
(113, 181, 'Analoger Ausgang (AA)', 'Analoger Ausgang', 1, '', '', '2019-10-29', ''),
(114, 184, 'Virtueller Analoger Eingang (VAE)', 'Virtueller Analoger Eingang', 1, '', '', '2019-10-29', ''),
(115, 185, 'Virtueller Analoger Ausgang (VAA)', 'Virtueller Analoger Ausgang', 1, '', '', '2019-10-29', ''),
(116, 186, 'Virtueller Digitaler Eingang (VDE/VBE)', 'Virtueller Digitaler Eingang', 1, '', '', '2019-10-29', ''),
(117, 187, 'Virtueller Digitaler Ausgang (VDA/VBA)', 'Virtueller Digitaler Ausgang', 1, '', '', '2019-10-29', ''),
(118, 41, 'heat accumulator', 'heat storage', 1, '', '', '2019-10-29', '');

-- --------------------------------------------------------

--
-- Stand-in structure for view `cpc_all`
-- (See below for the actual view)
--
CREATE TABLE `cpc_all` (
`ca_id` int(11)
,`category_id` int(11)
,`category_german` text
,`category_english` text
,`category_budo` varchar(30)
,`ca_abbreviation_id` int(11)
,`ca_german` text
,`ca_english` text
,`ca_budo` varchar(30)
,`ch_id` int(11)
,`children_german` text
,`children_english` text
,`children_budo` varchar(30)
);

-- --------------------------------------------------------

--
-- Table structure for table `languages`
--

CREATE TABLE `languages` (
  `languages_id` int(11) NOT NULL,
  `language` varchar(200) NOT NULL,
  `column_abbreviation` varchar(200) NOT NULL,
  `column_category` varchar(200) NOT NULL,
  `column_parent` varchar(200) NOT NULL,
  `column_children` varchar(200) NOT NULL,
  `comment` varchar(200) NOT NULL
) ENGINE=InnoDB DEFAULT CHARSET=utf8;

--
-- Dumping data for table `languages`
--

INSERT INTO `languages` (`languages_id`, `language`, `column_abbreviation`, `column_category`, `column_parent`, `column_children`, `comment`) VALUES
(1, 'Deutsch', 'name_german', 'category_name_german', 'parent_german', 'children_german', ''),
(2, 'English', 'name_english', 'category_name_english', 'parent_english', 'children_english', ''),
(3, 'Français', '', '', '', '', ''),
(4, 'Espagnol', '', '', '', '', '');

-- --------------------------------------------------------

--
-- Table structure for table `parent_children`
--

CREATE TABLE `parent_children` (
  `parent_children_id` int(10) NOT NULL,
  `parent_id` int(10) DEFAULT NULL,
  `children_id` int(10) DEFAULT NULL
) ENGINE=InnoDB DEFAULT CHARSET=utf8;

--
-- Dumping data for table `parent_children`
--

INSERT INTO `parent_children` (`parent_children_id`, `parent_id`, `children_id`) VALUES
(1, 13, 32),
(2, 13, 33),
(3, 13, 34),
(4, 12, 37),
(5, 12, 38),
(6, 20, 39),
(7, 20, 40),
(8, 20, 41),
(9, 20, 42),
(10, 23, 43),
(11, 23, 44),
(12, 23, 45),
(13, 21, 43),
(14, 21, 44),
(15, 21, 45),
(16, 24, 43),
(17, 24, 44),
(18, 24, 45),
(19, 22, 43),
(20, 22, 44),
(21, 22, 45),
(22, 25, 46),
(23, 25, 47),
(24, 25, 48),
(25, 68, 76),
(26, 68, 77),
(27, 68, 78),
(28, 68, 79),
(29, 68, 80),
(30, 58, 76),
(31, 58, 81),
(32, 58, 77),
(33, 58, 78),
(34, 58, 79),
(35, 58, 80),
(36, 66, 82),
(37, 66, 83),
(38, 66, 84),
(39, 66, 85),
(40, 66, 86),
(41, 66, 87),
(42, 66, 88),
(43, 66, 89),
(44, 66, 90),
(45, 66, 155),
(46, 66, 156),
(47, 66, 91),
(48, 66, 92),
(49, 66, 93),
(50, 66, 94),
(51, 66, 95),
(52, 66, 96),
(53, 66, 97),
(54, 66, 98),
(55, 66, 99),
(56, 66, 100),
(57, 66, 101),
(58, 66, 102),
(59, 65, 103),
(60, 65, 104),
(61, 27, 110),
(62, 27, 111),
(63, 27, 44),
(64, 27, 112),
(66, 27, 45),
(67, 27, 113),
(68, 27, 114),
(69, 27, 115),
(70, 27, 116),
(71, 27, 119),
(72, 27, 120),
(73, 15, 110),
(74, 15, 121),
(75, 15, 122),
(76, 15, 77),
(77, 15, 113),
(78, 15, 123),
(79, 15, 114),
(80, 15, 124),
(81, 15, 119),
(82, 15, 120),
(95, 69, 134),
(114, 146, 82),
(115, 146, 83),
(116, 146, 150),
(117, 146, 151),
(118, 146, 84),
(119, 146, 85),
(120, 146, 86),
(121, 146, 152),
(122, 146, 153),
(123, 146, 88),
(124, 146, 89),
(125, 146, 154),
(126, 146, 90),
(127, 146, 155),
(128, 146, 156),
(129, 146, 91),
(130, 146, 92),
(131, 146, 157),
(132, 146, 93),
(133, 146, 158),
(134, 146, 95),
(135, 146, 96),
(136, 146, 97),
(137, 146, 98),
(138, 146, 99),
(139, 146, 100),
(140, 146, 101),
(141, 146, 102),
(142, 148, 82),
(143, 148, 83),
(144, 148, 151),
(145, 148, 84),
(146, 148, 85),
(147, 148, 86),
(148, 148, 152),
(149, 148, 153),
(150, 148, 89),
(151, 148, 154),
(152, 148, 90),
(153, 148, 155),
(154, 148, 156),
(155, 148, 91),
(156, 148, 92),
(157, 148, 159),
(158, 148, 157),
(159, 148, 96),
(160, 148, 97),
(161, 148, 98),
(162, 148, 99),
(163, 148, 100),
(164, 148, 101),
(165, 147, 160),
(166, 147, 161),
(167, 147, 162),
(168, 147, 159),
(169, 147, 163),
(170, 147, 164),
(171, 145, 160),
(172, 145, 161),
(173, 145, 162),
(174, 145, 159),
(175, 145, 163),
(176, 145, 164),
(177, 145, 157),
(178, 149, 82),
(179, 149, 83),
(180, 149, 84),
(181, 149, 85),
(182, 149, 86),
(183, 149, 87),
(184, 149, 153),
(185, 149, 8),
(186, 149, 88),
(187, 149, 89),
(188, 149, 154),
(189, 149, 90),
(190, 149, 155),
(191, 149, 156),
(192, 149, 91),
(193, 149, 92),
(194, 149, 159),
(195, 149, 103),
(196, 149, 93),
(197, 149, 94),
(198, 149, 95),
(199, 149, 96),
(200, 149, 165),
(201, 149, 97),
(202, 149, 98),
(203, 149, 99),
(204, 149, 100),
(205, 149, 101),
(206, 149, 166),
(207, 13, 35),
(208, 13, 36),
(209, 15, 130),
(210, 15, 131),
(211, 15, 132),
(212, 15, 133),
(213, 226, 227),
(214, 66, 231),
(215, 431, 232),
(216, 265, 246),
(217, 266, 246),
(218, 26, 268),
(219, 271, 272),
(220, 271, 273),
(221, 270, 456),
(222, 270, 44),
(223, 270, 15),
(224, 394, 275),
(225, 365, 366),
(226, 365, 367),
(227, 365, 368),
(228, 365, 369),
(229, 365, 370),
(230, 365, 371),
(231, 365, 372),
(232, 365, 373),
(233, 365, 374),
(234, 365, 375),
(235, 365, 376),
(236, 457, 377),
(237, 457, 378),
(238, 457, 379),
(239, 457, 380),
(240, 457, 381),
(241, 457, 382),
(242, 457, 383),
(243, 457, 384),
(244, 457, 385),
(245, 457, 386),
(246, 457, 387),
(247, 457, 388),
(248, 457, 389),
(249, 457, 390),
(250, 457, 391),
(251, 457, 392),
(252, 457, 393),
(253, 394, 395),
(254, 394, 396),
(255, 394, 397),
(256, 394, 398),
(257, 394, 399),
(258, 394, 400),
(259, 394, 401),
(260, 394, 402),
(261, 394, 403),
(262, 394, 404),
(263, 394, 405),
(264, 394, 406),
(265, 394, 407),
(266, 394, 408),
(267, 394, 409),
(268, 394, 410),
(269, 394, 411),
(270, 394, 412),
(271, 394, 413),
(272, 394, 414),
(273, 394, 415),
(274, 394, 416),
(275, 394, 417),
(276, 394, 418),
(277, 394, 419),
(278, 394, 420),
(279, 394, 421),
(280, 394, 422),
(281, 394, 423),
(282, 394, 424),
(283, 394, 425),
(284, 394, 426),
(285, 394, 427),
(286, 394, 428),
(287, 394, 429),
(288, 394, 412),
(289, 394, 430),
(290, 66, 458),
(291, 146, 234),
(292, 146, 235),
(293, 146, 236),
(294, 146, 225),
(295, 146, 233),
(296, 146, 237),
(297, 146, 242),
(298, 146, 244),
(299, 146, 243),
(300, 431, 434),
(301, 431, 435),
(302, 431, 436),
(303, 431, 437),
(304, 431, 438),
(305, 431, 439),
(306, 431, 440),
(307, 431, 441),
(308, 431, 314),
(309, 431, 443),
(310, 431, 444),
(311, 431, 445),
(312, 431, 446),
(313, 431, 437),
(314, 431, 447),
(315, 229, 459),
(316, 68, 81),
(317, 46, 330),
(318, 334, 331),
(319, 61, 332),
(320, 71, 333),
(321, 2, 271),
(322, 58, 271),
(323, 69, 271),
(324, 66, 478),
(325, 68, 335),
(326, 66, 126),
(327, 58, 462),
(328, 68, 462),
(329, 230, 463),
(330, 58, 463),
(331, 69, 463),
(332, 265, 463),
(333, 2, 464),
(334, 58, 465),
(335, 18, 466),
(336, 18, 467),
(337, 66, 468),
(338, 329, 469),
(339, 263, 312),
(340, 263, 313),
(341, 70, 470),
(342, 334, 471),
(343, 329, 472),
(344, 61, 473),
(345, 71, 474),
(346, 66, 477),
(347, 334, 475),
(348, 334, 476),
(349, 66, 317),
(350, 146, 317),
(351, 66, 158),
(352, 146, 158),
(353, 2, 319),
(354, 2, 320),
(355, 328, 482),
(356, 329, 482),
(357, 329, 87),
(358, 329, 327),
(359, 65, 492),
(360, 536, 483),
(361, 536, 504),
(362, 536, 497),
(363, 536, 485),
(364, 536, 508),
(365, 536, 511),
(366, 536, 526),
(367, 536, 527),
(368, 148, 158),
(369, 146, 477),
(370, 148, 468),
(371, 537, 498),
(372, 537, 499),
(373, 537, 500),
(374, 149, 501),
(375, 145, 484),
(376, 145, 495),
(377, 145, 486),
(378, 149, 538),
(379, 149, 515),
(380, 539, 523),
(381, 539, 531),
(382, 537, 510),
(383, 540, 530),
(384, 540, 487),
(385, 540, 488),
(386, 540, 489),
(387, 540, 490),
(388, 540, 509),
(389, 540, 525),
(390, 540, 528),
(391, 329, 541),
(392, 329, 84),
(393, 542, 85),
(394, 542, 98),
(395, 328, 84),
(396, 66, 83),
(397, 146, 83),
(398, 148, 83),
(399, 66, 344),
(400, 146, 344),
(401, 148, 344),
(402, 148, 345),
(403, 146, 345),
(404, 148, 346),
(405, 146, 346),
(406, 148, 347),
(407, 146, 347),
(408, 148, 348),
(409, 146, 348),
(410, 148, 349),
(411, 146, 349),
(412, 146, 351),
(413, 146, 350),
(414, 148, 350),
(415, 66, 352),
(416, 342, 354),
(417, 342, 355),
(418, 342, 356),
(419, 342, 357),
(420, 539, 361),
(421, 539, 362),
(422, 539, 363),
(423, 539, 364),
(424, 539, 415),
(425, 66, 234),
(426, 66, 235),
(427, 66, 236),
(428, 66, 225),
(429, 66, 233),
(430, 66, 237),
(431, 66, 242),
(432, 66, 244),
(433, 66, 243),
(434, 148, 244),
(435, 148, 243),
(436, 720, 729),
(437, 720, 730),
(438, 720, 731),
(439, 720, 732),
(440, 720, 733),
(441, 720, 734),
(442, 720, 735),
(443, 720, 736),
(444, 720, 737),
(445, 720, 738),
(446, 720, 739),
(447, 720, 740),
(448, 720, 741),
(449, 720, 742),
(450, 720, 743),
(451, 720, 744),
(452, 720, 745),
(453, 720, 746),
(454, 720, 747),
(455, 720, 748),
(456, 720, 749),
(457, 720, 750),
(458, 720, 751),
(459, 720, 752),
(460, 720, 753),
(461, 720, 754),
(462, 721, 755),
(463, 721, 756),
(464, 721, 757),
(465, 721, 758),
(466, 721, 759),
(467, 721, 760),
(468, 721, 761),
(469, 721, 762),
(470, 721, 763),
(471, 721, 764),
(472, 721, 765),
(473, 721, 766),
(474, 721, 767),
(475, 721, 768),
(476, 721, 769),
(477, 721, 770),
(478, 721, 771),
(479, 721, 772),
(480, 721, 773),
(481, 721, 774),
(482, 721, 775),
(483, 721, 776),
(484, 721, 777),
(485, 721, 778),
(486, 721, 779),
(487, 721, 780),
(488, 721, 781),
(489, 721, 782),
(490, 722, 783),
(491, 722, 784),
(492, 722, 785),
(493, 722, 786),
(494, 722, 787),
(495, 722, 788),
(496, 722, 789),
(497, 722, 790),
(498, 722, 791),
(499, 722, 792),
(500, 722, 793),
(501, 722, 794),
(502, 722, 795),
(503, 722, 796),
(504, 722, 797),
(505, 722, 798),
(506, 722, 799),
(507, 722, 800),
(508, 722, 801),
(509, 722, 802),
(510, 722, 803),
(511, 722, 804),
(512, 722, 805),
(513, 722, 806),
(514, 722, 807),
(515, 722, 808),
(516, 722, 809),
(517, 722, 810),
(518, 722, 811),
(519, 722, 812),
(520, 722, 813),
(521, 722, 814),
(522, 722, 815),
(523, 722, 816),
(524, 722, 817),
(525, 722, 818),
(526, 722, 819),
(527, 722, 820),
(528, 722, 821),
(529, 722, 822),
(530, 722, 823),
(531, 722, 824),
(532, 722, 825),
(533, 722, 826),
(534, 722, 827),
(535, 722, 828),
(536, 722, 829),
(537, 722, 830),
(538, 722, 831),
(539, 722, 832),
(540, 722, 833),
(541, 722, 834),
(542, 722, 835),
(543, 722, 836),
(544, 722, 837),
(545, 722, 838),
(546, 722, 839),
(547, 722, 840),
(548, 722, 841),
(549, 722, 842),
(550, 722, 843),
(551, 722, 844),
(552, 723, 845),
(553, 723, 846),
(554, 723, 847),
(555, 723, 848),
(556, 723, 849),
(557, 723, 850),
(558, 723, 851),
(559, 723, 852),
(560, 723, 853),
(561, 723, 854),
(562, 723, 855),
(563, 723, 856),
(564, 723, 857),
(565, 723, 858),
(566, 723, 859),
(567, 723, 860),
(568, 723, 861),
(569, 723, 862),
(570, 723, 863),
(571, 723, 864),
(572, 723, 865),
(573, 723, 866),
(574, 723, 867),
(575, 723, 868),
(576, 723, 869),
(577, 723, 870),
(578, 723, 871),
(579, 723, 872),
(580, 723, 873),
(581, 723, 874),
(582, 724, 875),
(583, 724, 876),
(584, 724, 877),
(585, 724, 878),
(586, 724, 879),
(587, 724, 880),
(588, 724, 881),
(589, 724, 882),
(590, 724, 883),
(591, 724, 884),
(592, 724, 885),
(593, 724, 886),
(594, 724, 887),
(595, 724, 888),
(596, 724, 889),
(597, 724, 890),
(598, 724, 891),
(599, 724, 892),
(600, 724, 893),
(601, 724, 894),
(602, 724, 895),
(603, 724, 896),
(604, 724, 897),
(605, 724, 898),
(606, 724, 899),
(607, 724, 900),
(608, 724, 901),
(609, 724, 902),
(610, 724, 903),
(611, 724, 904),
(612, 724, 905),
(613, 724, 906),
(614, 724, 907),
(615, 724, 908),
(616, 724, 909),
(617, 724, 910),
(618, 724, 911),
(619, 724, 912),
(620, 724, 913),
(621, 724, 914),
(622, 724, 915),
(623, 724, 916),
(624, 724, 917),
(625, 724, 918),
(626, 724, 919),
(627, 724, 920),
(628, 724, 921),
(629, 724, 922),
(630, 725, 923),
(631, 725, 924),
(632, 725, 925),
(633, 725, 926),
(634, 725, 927),
(635, 725, 928),
(636, 725, 929),
(637, 725, 930),
(638, 725, 931),
(639, 725, 932),
(640, 725, 933),
(641, 725, 934),
(642, 725, 935),
(643, 725, 936),
(644, 725, 937),
(645, 725, 938),
(646, 725, 939),
(647, 725, 940),
(648, 725, 941),
(649, 725, 942),
(650, 725, 943),
(651, 725, 944),
(652, 725, 945),
(653, 725, 946),
(654, 725, 947),
(655, 725, 948),
(656, 725, 949),
(657, 725, 950),
(658, 725, 951),
(659, 725, 952),
(660, 725, 953),
(661, 725, 954),
(662, 725, 955),
(663, 725, 956),
(664, 725, 957),
(665, 725, 958),
(666, 725, 959),
(667, 725, 960),
(668, 725, 961),
(669, 725, 962),
(670, 725, 963),
(671, 725, 964),
(672, 725, 965),
(673, 725, 966),
(674, 725, 967),
(675, 725, 968),
(676, 726, 969),
(677, 726, 970),
(678, 726, 971),
(679, 726, 972),
(680, 726, 973),
(681, 726, 974),
(682, 726, 975),
(683, 726, 976),
(684, 726, 977),
(685, 726, 978),
(686, 726, 979),
(687, 726, 980),
(688, 726, 981),
(689, 726, 982),
(690, 726, 983),
(691, 726, 984),
(692, 726, 985),
(693, 726, 986),
(694, 726, 987),
(695, 726, 988),
(696, 726, 989),
(697, 726, 990),
(698, 726, 991),
(699, 726, 992),
(700, 726, 993),
(701, 726, 994),
(702, 726, 995),
(703, 726, 996),
(704, 726, 997),
(705, 726, 998),
(706, 726, 999),
(707, 726, 1000),
(708, 726, 1001),
(709, 727, 1002),
(710, 727, 1003),
(711, 727, 1004),
(712, 727, 1005),
(713, 727, 1006),
(714, 727, 1007),
(715, 727, 1008),
(716, 727, 1009),
(717, 727, 1010),
(718, 727, 1011),
(719, 727, 1012),
(720, 728, 1013),
(721, 728, 1014),
(722, 728, 1015),
(723, 728, 1016),
(724, 728, 1017),
(725, 728, 1018),
(726, 728, 341),
(727, 728, 1020),
(728, 728, 1021),
(729, 728, 1022),
(730, 728, 1023),
(731, 728, 372),
(732, 728, 1025),
(733, 728, 1026),
(734, 728, 1027),
(735, 728, 1028),
(736, 728, 1029),
(737, 728, 1030),
(738, 728, 1031),
(739, 728, 1032),
(740, 728, 1033),
(741, 1034, 1076),
(742, 1034, 1077),
(743, 1034, 1078),
(744, 1034, 1079),
(745, 1034, 1080),
(746, 1034, 1081),
(747, 1034, 1082),
(748, 1035, 1083),
(749, 1035, 1084),
(750, 1035, 1085),
(751, 1035, 1086),
(752, 1035, 1087),
(753, 1035, 1088),
(754, 1035, 1089),
(755, 1036, 1090),
(756, 1036, 1091),
(757, 1036, 1092),
(758, 1036, 1093),
(759, 1037, 1094),
(760, 1037, 1095),
(761, 1037, 1096),
(762, 1039, 1097),
(763, 1039, 1098),
(764, 1039, 1099),
(765, 1040, 1100),
(766, 1040, 1101),
(767, 1040, 1102),
(768, 1040, 1103),
(769, 1040, 1104),
(770, 1040, 1105),
(771, 1040, 1106),
(772, 1040, 868),
(773, 1040, 1108),
(774, 1040, 1109),
(775, 1040, 1110),
(776, 1040, 1111),
(777, 1040, 1112),
(778, 1040, 1113),
(779, 1040, 1114),
(780, 1040, 1115),
(781, 1040, 1116),
(782, 1040, 1117),
(783, 1040, 1118),
(784, 1040, 1119),
(785, 1040, 1120),
(786, 1040, 1121),
(787, 1041, 1122),
(788, 1041, 1123),
(789, 1041, 1124),
(790, 1041, 1125),
(791, 1041, 1126),
(792, 1041, 1127),
(793, 1041, 1128),
(794, 1041, 1129),
(795, 1041, 1130),
(796, 1041, 1131),
(797, 1041, 1132),
(798, 1041, 1133),
(799, 1042, 1134),
(800, 1042, 750),
(801, 1042, 1136),
(802, 1042, 1137),
(803, 1042, 1138),
(804, 1042, 1139),
(805, 1042, 1140),
(806, 1043, 1141),
(807, 1043, 1142),
(808, 1043, 1143),
(809, 1043, 1144),
(810, 1043, 1145),
(811, 1043, 900),
(812, 1043, 1147),
(813, 1044, 1148),
(814, 1044, 1149),
(815, 1044, 1150),
(816, 1044, 1151),
(817, 1044, 1152),
(818, 1044, 1153),
(819, 1044, 1154),
(820, 1044, 1155),
(821, 1044, 1156),
(822, 1045, 1157),
(823, 1045, 1158),
(824, 1045, 1159),
(825, 1045, 1160),
(826, 1046, 1161),
(827, 1046, 1162),
(828, 1048, 1163),
(829, 1048, 1164),
(830, 1048, 1165),
(831, 1048, 1166),
(832, 1048, 224),
(833, 1048, 1168),
(834, 1048, 1169),
(835, 1051, 1170),
(836, 1051, 1171),
(837, 1051, 1172),
(838, 1051, 1173),
(839, 1051, 1174),
(840, 1051, 1175),
(841, 1051, 1176),
(842, 1051, 1177),
(843, 1051, 1178),
(844, 1051, 1179),
(845, 1051, 1180),
(846, 1051, 1181),
(847, 1051, 1182),
(848, 1051, 1183),
(849, 1051, 1184),
(850, 1051, 1185),
(851, 1051, 1186),
(852, 1051, 1187),
(853, 1051, 1188),
(854, 1051, 1189),
(855, 1051, 1190),
(856, 1051, 988),
(857, 1051, 1192),
(858, 1051, 1193),
(859, 1051, 1194),
(860, 1051, 1195),
(861, 1051, 1196),
(862, 1051, 1197),
(863, 1051, 1198),
(864, 1051, 1199),
(865, 1051, 1200),
(866, 1051, 1201),
(867, 1051, 1202),
(868, 1051, 1203),
(869, 1051, 1204),
(870, 1051, 1205),
(871, 1054, 1206),
(872, 1054, 1207),
(873, 1054, 1208),
(874, 1055, 1209),
(875, 1055, 1210),
(876, 1055, 1211),
(877, 1055, 1212),
(878, 1055, 1213),
(879, 1055, 1214),
(880, 1058, 1215),
(881, 1058, 1216),
(882, 1059, 1217),
(883, 1060, 1218),
(884, 1060, 1219),
(885, 1060, 970),
(886, 1060, 1221),
(887, 1060, 1222),
(888, 1063, 850),
(889, 1063, 1224),
(890, 1063, 1225),
(891, 1063, 1226),
(892, 1063, 898),
(893, 1063, 1228),
(894, 1063, 1229),
(895, 1063, 1230),
(896, 1063, 1231),
(897, 1063, 1232),
(898, 1063, 1233),
(899, 1065, 1234),
(900, 1065, 1235),
(901, 1065, 1236),
(902, 1065, 1237),
(903, 1065, 1238),
(904, 1065, 1239),
(905, 1065, 1240),
(906, 1065, 1241),
(907, 1065, 1242),
(908, 1065, 1243),
(909, 1065, 1244),
(910, 1065, 1245),
(911, 1066, 1246),
(912, 1066, 1247),
(913, 1066, 1248),
(914, 1066, 1249),
(915, 1066, 1250),
(916, 1066, 1251),
(917, 1066, 1252),
(918, 1066, 1253),
(919, 1066, 1254),
(920, 1066, 1255),
(921, 1066, 1256),
(922, 1066, 1257),
(923, 1066, 1258),
(924, 1066, 1259),
(925, 1066, 1260),
(926, 1066, 1261),
(927, 1066, 1262),
(928, 1066, 1263),
(929, 1067, 1264),
(930, 1067, 1265),
(931, 1067, 1266),
(932, 1067, 1267),
(933, 1067, 1268),
(934, 1067, 1269),
(935, 1067, 1270),
(936, 1067, 1271),
(937, 1067, 1272),
(938, 1067, 1273),
(939, 1067, 1274),
(940, 1068, 1275),
(941, 1068, 1276),
(942, 1068, 1277),
(943, 1068, 1278),
(944, 1068, 1279),
(945, 1068, 1280),
(946, 1068, 1281),
(947, 1068, 1282),
(948, 1069, 1283),
(949, 1069, 1284),
(950, 1069, 1285),
(951, 1069, 1286),
(952, 1069, 1287),
(953, 1069, 1288),
(954, 1069, 1289),
(955, 1069, 1290),
(956, 1069, 1291),
(957, 1069, 1292),
(958, 1070, 1293),
(959, 1070, 1294),
(960, 1070, 1295),
(961, 1070, 1296),
(962, 1070, 1297),
(963, 1070, 1298),
(964, 1070, 1299),
(965, 1070, 1300),
(966, 1070, 1301),
(967, 1070, 1302),
(968, 1071, 1303),
(969, 1071, 1304),
(970, 1071, 1305),
(971, 1071, 1306),
(972, 1071, 1307),
(973, 1072, 1308),
(974, 1072, 1309),
(975, 1072, 1310),
(976, 1074, 1311),
(977, 1074, 896),
(978, 1074, 1313),
(979, 1074, 1314),
(980, 1074, 1315),
(981, 1074, 1316),
(982, 1074, 1317),
(983, 1074, 1318),
(984, 1074, 1319),
(985, 1074, 1320),
(986, 1074, 1321),
(987, 1074, 1322),
(988, 1074, 905),
(989, 1074, 897),
(990, 1075, 1325),
(991, 1075, 1326),
(992, 1075, 1327),
(993, 1075, 1328),
(994, 1075, 1329),
(995, 1075, 1330),
(996, 1075, 1331),
(997, 1075, 1332),
(998, 1075, 1333),
(999, 1075, 1334),
(1000, 1378, 545),
(1002, 1359, 547),
(1003, 1359, 548),
(1004, 1359, 549),
(1005, 1359, 550),
(1006, 1359, 551),
(1007, 1359, 552),
(1008, 1359, 553),
(1009, 1359, 554),
(1010, 1359, 555),
(1011, 1359, 556),
(1012, 1359, 557),
(1013, 1359, 558),
(1014, 1360, 559),
(1015, 1360, 560),
(1016, 1360, 561),
(1017, 1360, 562),
(1018, 1361, 563),
(1019, 1364, 564),
(1020, 1364, 565),
(1021, 1364, 566),
(1022, 1365, 567),
(1023, 1365, 568),
(1024, 1366, 569),
(1025, 1366, 570),
(1026, 1367, 571),
(1027, 1367, 572),
(1028, 1367, 573),
(1029, 1368, 574),
(1030, 1368, 575),
(1031, 1369, 576),
(1032, 1369, 577),
(1033, 1369, 578),
(1034, 1370, 579),
(1035, 1370, 580),
(1036, 1370, 581),
(1037, 1370, 582),
(1038, 1371, 583),
(1039, 1371, 584),
(1040, 1371, 585),
(1041, 1374, 586),
(1042, 1374, 587),
(1043, 1359, 588),
(1044, 1375, 589),
(1045, 1375, 590),
(1046, 1375, 591),
(1047, 1375, 592),
(1048, 1375, 593),
(1049, 1375, 594),
(1050, 1381, 595),
(1051, 1381, 596),
(1052, 1379, 597),
(1053, 1379, 598),
(1054, 1377, 599),
(1055, 1377, 600),
(1056, 1355, 601),
(1057, 1355, 602),
(1058, 1355, 603),
(1059, 1355, 604),
(1060, 1355, 605),
(1061, 1355, 606),
(1062, 1355, 607),
(1063, 1355, 608),
(1064, 1355, 609),
(1065, 1355, 610),
(1066, 1355, 611),
(1067, 1355, 612),
(1068, 1357, 613),
(1069, 1357, 614),
(1070, 1378, 615),
(1071, 1366, 616),
(1072, 1374, 617),
(1073, 1359, 618),
(1074, 1359, 619),
(1075, 1359, 620),
(1076, 1360, 621),
(1077, 1360, 622),
(1078, 1362, 623),
(1079, 1362, 624),
(1080, 1364, 625),
(1081, 1364, 626),
(1082, 1364, 627),
(1083, 1370, 628),
(1084, 1371, 629),
(1085, 1371, 630),
(1086, 1377, 631),
(1087, 1377, 632),
(1088, 1355, 633),
(1089, 1355, 634),
(1090, 1355, 635),
(1091, 1355, 636),
(1092, 1359, 637),
(1093, 1360, 638),
(1094, 1361, 639),
(1095, 1361, 640),
(1096, 1362, 641),
(1097, 1362, 642),
(1098, 1363, 643),
(1099, 1369, 644),
(1100, 1369, 645),
(1101, 1375, 646),
(1102, 1375, 647),
(1103, 1376, 648),
(1104, 1381, 649),
(1105, 1381, 650),
(1106, 1381, 651),
(1107, 1381, 652),
(1108, 1377, 653),
(1109, 1356, 654),
(1110, 1359, 655),
(1111, 1359, 656),
(1112, 1359, 657),
(1113, 1375, 658),
(1114, 1359, 659),
(1115, 1359, 660),
(1116, 1359, 661),
(1117, 1359, 662),
(1118, 1359, 663),
(1119, 1367, 664),
(1120, 1367, 665),
(1121, 1374, 666),
(1122, 1374, 667),
(1123, 1355, 668),
(1124, 1364, 669),
(1125, 1355, 670),
(1126, 1355, 671),
(1127, 1355, 672),
(1128, 1355, 673),
(1129, 1355, 674),
(1130, 1359, 675),
(1131, 1366, 676),
(1132, 1366, 677),
(1133, 1368, 678),
(1134, 1368, 679),
(1135, 1379, 680),
(1136, 1377, 681),
(1137, 1359, 682),
(1138, 1359, 683),
(1139, 1359, 684),
(1140, 1375, 685),
(1141, 1359, 686),
(1142, 1359, 687),
(1143, 1359, 688),
(1144, 1371, 689),
(1145, 1355, 690),
(1146, 1355, 691),
(1147, 1355, 692),
(1148, 1355, 693),
(1149, 1355, 694),
(1150, 1355, 695),
(1151, 1358, 696),
(1152, 1358, 697),
(1153, 1358, 698),
(1154, 1358, 699),
(1155, 1358, 700),
(1156, 1358, 701),
(1157, 1358, 702),
(1158, 1358, 703),
(1159, 1358, 704),
(1160, 1372, 705),
(1161, 1372, 706),
(1162, 1372, 707),
(1163, 1372, 708),
(1164, 1372, 709),
(1165, 1372, 710),
(1166, 1372, 711),
(1167, 1372, 712),
(1168, 1372, 713),
(1169, 1372, 714),
(1170, 1373, 715),
(1171, 1355, 716),
(1172, 1355, 717),
(1173, 1355, 718),
(1174, 1355, 719),
(1175, 27, 117),
(1176, 27, 118),
(1177, 27, 343),
(1178, 66, 1344),
(1179, 146, 1344),
(1180, 148, 1344),
(1181, 149, 1344),
(1182, 66, 1340),
(1183, 146, 1340),
(1184, 148, 1340),
(1185, 149, 1340),
(1186, 66, 1341),
(1187, 146, 1341),
(1188, 148, 1341),
(1189, 149, 1341),
(1190, 66, 558),
(1191, 146, 558),
(1192, 148, 558),
(1193, 149, 558),
(1194, 263, 1430),
(1195, 263, 1438),
(1196, 263, 1439),
(1197, 263, 1440),
(1198, 1466, 1457),
(1199, 1466, 1458),
(1200, 1466, 1460),
(1201, 12, 1431),
(1202, 431, 1447),
(1203, 69, 1434),
(1204, 69, 1435),
(1207, 229, 1445),
(1208, 229, 1446),
(1209, 455, 1436),
(1210, 722, 1456),
(1211, 65, 1443),
(1212, 65, 1444),
(1213, 20, 1428),
(1214, 26, 1432),
(1215, 27, 1383),
(1216, 27, 1384),
(1217, 27, 1387),
(1218, 27, 1393),
(1219, 27, 1427),
(1220, 26, 1442),
(1221, 66, 1388),
(1222, 66, 1389),
(1223, 66, 1390),
(1224, 66, 1391),
(1225, 66, 1392),
(1226, 66, 1394),
(1227, 66, 1397),
(1228, 66, 1398),
(1229, 66, 1399),
(1230, 66, 1400),
(1231, 66, 1401),
(1232, 66, 1402),
(1233, 66, 1403),
(1234, 66, 1404),
(1235, 66, 1405),
(1236, 66, 1406),
(1237, 66, 1407),
(1238, 66, 1408),
(1239, 66, 1409),
(1240, 66, 236),
(1241, 66, 1411),
(1242, 66, 1412),
(1243, 66, 1413),
(1244, 66, 1414),
(1245, 66, 1415),
(1246, 66, 1416),
(1247, 66, 1417),
(1248, 66, 1418),
(1249, 66, 1419),
(1250, 66, 1420),
(1251, 66, 1421),
(1252, 66, 1422),
(1253, 66, 1423),
(1254, 146, 1388),
(1255, 146, 1389),
(1256, 146, 1390),
(1257, 146, 1391),
(1258, 146, 1392),
(1259, 146, 1394),
(1260, 146, 1397),
(1261, 146, 1398),
(1262, 146, 1399),
(1263, 146, 1400),
(1264, 146, 1401),
(1265, 146, 1402),
(1266, 146, 1403),
(1267, 146, 1404),
(1268, 146, 1405),
(1269, 146, 1406),
(1270, 146, 1407),
(1271, 146, 1408),
(1272, 146, 1409),
(1273, 146, 236),
(1274, 146, 1411),
(1275, 146, 1412),
(1276, 146, 1413),
(1277, 146, 1414),
(1278, 146, 1415),
(1279, 146, 1416),
(1280, 146, 1417),
(1281, 146, 1418),
(1282, 146, 1419),
(1283, 146, 1420),
(1284, 146, 1421),
(1285, 146, 1422),
(1286, 146, 1423),
(1287, 148, 1388),
(1288, 148, 1389),
(1289, 148, 1390),
(1290, 148, 1391),
(1291, 148, 1392),
(1292, 148, 1394),
(1293, 148, 1397),
(1294, 148, 1398),
(1295, 148, 1399),
(1296, 148, 1400),
(1297, 148, 1401),
(1298, 148, 1402),
(1299, 148, 1403),
(1300, 148, 1404),
(1301, 148, 1405),
(1302, 148, 1406),
(1303, 148, 1407),
(1304, 148, 1408),
(1305, 148, 1409),
(1306, 148, 236),
(1307, 148, 1411),
(1308, 148, 1412),
(1309, 148, 1413),
(1310, 148, 1414),
(1311, 148, 1415),
(1312, 148, 1416),
(1313, 148, 1417),
(1314, 148, 1418),
(1315, 148, 1419),
(1316, 148, 1420),
(1317, 148, 1421),
(1318, 148, 1422),
(1319, 148, 1423),
(1320, 149, 1388),
(1321, 149, 1389),
(1322, 149, 1390),
(1323, 149, 1391),
(1324, 149, 1392),
(1325, 149, 1394),
(1326, 149, 1397),
(1327, 149, 1398),
(1328, 149, 1399),
(1329, 149, 1400),
(1330, 149, 1401),
(1331, 149, 1402),
(1332, 149, 1403),
(1333, 149, 1404),
(1334, 149, 1405),
(1335, 149, 1406),
(1336, 149, 1407),
(1337, 149, 1408),
(1338, 149, 1409),
(1339, 149, 236),
(1340, 149, 1411),
(1341, 149, 1412),
(1342, 149, 1413),
(1343, 149, 1414),
(1344, 149, 1415),
(1345, 149, 1416),
(1346, 149, 1417),
(1347, 149, 1418),
(1348, 149, 1419),
(1349, 149, 1420),
(1350, 149, 1421),
(1351, 149, 1422),
(1352, 149, 1423),
(1353, 12, 248),
(1354, 263, 316),
(1355, 455, 276),
(1356, 455, 283),
(1357, 455, 284),
(1358, 455, 285),
(1359, 455, 277),
(1360, 455, 278),
(1361, 455, 280),
(1362, 455, 281),
(1363, 455, 279),
(1364, 455, 282),
(1365, 455, 286),
(1366, 455, 449),
(1367, 455, 450),
(1368, 455, 451),
(1369, 455, 452),
(1370, 455, 453),
(1371, 455, 454),
(1372, 455, 287),
(1373, 455, 288),
(1374, 455, 289),
(1375, 455, 290),
(1376, 1359, 546),
(1377, 66, 1336),
(1378, 66, 1337),
(1379, 66, 1338),
(1380, 66, 1340),
(1381, 66, 1341),
(1382, 66, 1342),
(1383, 66, 1343),
(1384, 66, 1344),
(1385, 66, 1345),
(1386, 66, 1346),
(1387, 66, 1347),
(1388, 66, 1348),
(1389, 66, 1349),
(1390, 66, 1350),
(1391, 66, 1351),
(1392, 66, 1352),
(1393, 66, 1353),
(1394, 66, 1354),
(1395, 146, 1336),
(1396, 146, 1337),
(1397, 146, 1338),
(1398, 146, 1340),
(1399, 146, 1341),
(1400, 146, 1342),
(1401, 146, 1343),
(1402, 146, 1344),
(1403, 146, 1345),
(1404, 146, 1346),
(1405, 146, 1347),
(1406, 146, 1348),
(1407, 146, 1349),
(1408, 146, 1350),
(1409, 146, 1351),
(1410, 146, 1352),
(1411, 146, 1353),
(1412, 146, 1354),
(1413, 148, 1336),
(1414, 148, 1337),
(1415, 148, 1338),
(1416, 148, 1340),
(1417, 148, 1341),
(1418, 148, 1342),
(1419, 148, 1343),
(1420, 148, 1344),
(1421, 148, 1345),
(1422, 148, 1346),
(1423, 148, 1347),
(1424, 148, 1348),
(1425, 148, 1349),
(1426, 148, 1350),
(1427, 148, 1351),
(1428, 148, 1352),
(1429, 148, 1353),
(1430, 148, 1354),
(1431, 149, 1336),
(1432, 149, 1337),
(1433, 149, 1338),
(1434, 149, 1340),
(1435, 149, 1341),
(1436, 149, 1342),
(1437, 149, 1343),
(1438, 149, 1344),
(1439, 149, 1345),
(1440, 149, 1346),
(1441, 149, 1347),
(1442, 149, 1348),
(1443, 149, 1349),
(1444, 149, 1350),
(1445, 149, 1351),
(1446, 149, 1352),
(1447, 149, 1353),
(1448, 149, 1354),
(1449, 146, 231),
(1450, 148, 231),
(1451, 149, 231),
(1452, 146, 458),
(1453, 148, 458),
(1454, 149, 458),
(1455, 146, 478),
(1456, 148, 478),
(1457, 149, 478),
(1458, 146, 126),
(1459, 148, 126),
(1460, 149, 126),
(1461, 146, 352),
(1462, 148, 352),
(1463, 149, 352),
(1464, 148, 102),
(1465, 148, 234),
(1466, 148, 235),
(1467, 148, 236),
(1468, 148, 225),
(1469, 148, 233),
(1470, 148, 237),
(1471, 148, 242),
(1472, 148, 317),
(1473, 148, 477),
(1474, 149, 102),
(1475, 149, 234),
(1476, 149, 235),
(1477, 149, 236),
(1478, 149, 225),
(1479, 149, 233),
(1480, 149, 237),
(1481, 149, 242),
(1482, 149, 317),
(1483, 149, 477),
(1484, 149, 158),
(1485, 149, 344),
(1486, 149, 244),
(1487, 149, 243),
(1488, 146, 468),
(1489, 148, 468),
(1490, 66, 150),
(1491, 148, 150),
(1492, 66, 351),
(1493, 148, 351),
(1494, 65, 165),
(1495, 145, 166),
(1496, 66, 151),
(1497, 66, 152),
(1498, 66, 157),
(1499, 66, 345),
(1500, 66, 346),
(1501, 66, 347),
(1502, 66, 348),
(1503, 66, 349),
(1504, 66, 350),
(1505, 149, 151),
(1506, 149, 152),
(1507, 149, 157),
(1508, 149, 345),
(1509, 149, 346),
(1510, 149, 347),
(1511, 149, 348),
(1512, 149, 349),
(1513, 149, 350),
(1514, 66, 153),
(1515, 66, 154),
(1516, 66, 159),
(1517, 146, 159),
(1518, 147, 1479),
(1519, 149, 1480),
(1520, 15, 1485),
(1521, 15, 1486),
(1522, 15, 1487),
(1523, 1044, 1488),
(1524, 1044, 1489),
(1525, 1490, 364),
(1526, 27, 117),
(1527, 27, 42),
(1528, 461, 107),
(1529, 145, 1500),
(1530, 145, 1501),
(1531, 147, 1500),
(1532, 147, 1501);

-- --------------------------------------------------------

--
-- Table structure for table `standards`
--

CREATE TABLE `standards` (
  `standards_id` int(11) NOT NULL,
  `standard_name` varchar(200) NOT NULL,
  `column_abbreviation` varchar(200) NOT NULL,
  `comment` varchar(1000) NOT NULL
) ENGINE=InnoDB DEFAULT CHARSET=utf8;

--
-- Dumping data for table `standards`
--

INSERT INTO `standards` (`standards_id`, `standard_name`, `column_abbreviation`, `comment`) VALUES
(1, 'BUDO', 'budo', ''),
(2, 'VDI 3814', '', ''),
(4, 'AMEV', '', ''),
(5, 'Brick Schema', '', ''),
(6, 'IFC 4', '', ''),
(7, 'Saref', '', '');

-- --------------------------------------------------------

--
-- Table structure for table `translation`
--

CREATE TABLE `translation` (
  `translation_id` int(200) NOT NULL,
  `English` varchar(1000) NOT NULL,
  `Deutsch` varchar(1000) NOT NULL
) ENGINE=InnoDB DEFAULT CHARSET=utf8;

--
-- Dumping data for table `translation`
--

INSERT INTO `translation` (`translation_id`, `English`, `Deutsch`) VALUES
(1, 'Old data point label', 'Alter Datenpunktschlüssel'),
(2, 'Description', 'Beschreibung'),
(3, 'Free Categories', 'Freie Kategorien'),
(4, 'System', 'System'),
(5, 'Specification', 'Spezifizierung'),
(6, 'Designation', 'Bezeichnung'),
(7, 'Subsystem', 'Subsystem'),
(8, 'Subsubsystem', 'Subsubsystem'),
(9, 'Medium/Position', 'Medium/Position'),
(10, 'Signal type', 'Signaltyp'),
(11, 'Function type', 'Funktionsart'),
(12, 'Free Category', 'Freie Kategorie'),
(13, 'New BUDO key', 'Neuer BUDO Schlüssel'),
(14, 'Language', 'Sprache'),
(15, 'Number of data points', 'Anzahl der Datenpunkte'),
(16, 'Save', 'Speichern'),
(17, 'Abbreviation free category 1', 'Kürzel Freie Kategorie 1'),
(18, 'Abbreviation free category 2', 'Kürzel Freie Kategorie 2'),
(19, 'Abbreviation free category 3', 'Kürzel Freie Kategorie 3'),
(20, 'Abbreviation free category 4', 'Kürzel Freie Kategorie 4'),
(21, 'Abbreviation free category 5', 'Kürzel Freie Kategorie 5'),
(22, 'BUDO front', 'BUDO vor'),
(23, 'System specification', 'System Spezifizierung'),
(24, 'Subsystem specification', 'Subsystem Spezifizierung'),
(25, 'Subsubsystem specification', 'Subsubsystem Spezifizierung'),
(26, 'BUDO system', 'BUDO System'),
(27, 'Medium/Position', 'Medium/Position'),
(28, 'Medium/Position specification 1', 'Medium/Position Spezifizierung 1'),
(29, 'Medium/Position specification 2', 'Medium/Position Spezifizierung 2'),
(30, 'Medium/Position specification 3', 'Medium/Position Spezifizierung 3'),
(31, 'BUDO Medium/Position', 'BUDO Medium/Position'),
(32, 'Signal type specification 1', 'Signaltyp Spezifizierung 1'),
(33, 'Signal type specification 2', 'Signaltyp Spezifizierung 2'),
(34, 'BUDO typ', 'BUDO Typ'),
(35, 'Abbreviation free category 6', 'Kürzel Freie Kategorie 6'),
(36, 'Abbreviation free category 7', 'Kürzel Freie Kategorie 7'),
(37, 'Abbreviation free category 8', 'Kürzel Freie Kategorie 8'),
(38, 'Abbreviation free category 9', 'Kürzel Freie Kategorie 9'),
(39, 'Abbreviation free category 10', 'Kürzel Freie Kategorie 10'),
(40, 'BUDO after', 'BUDO nach');

-- --------------------------------------------------------

--
-- Stand-in structure for view `view.category`
-- (See below for the actual view)
--
CREATE TABLE `view.category` (
`category_id` int(11)
,`name_german` varchar(1000)
,`name_english` varchar(1000)
,`budo` varchar(30)
,`comment` varchar(1000)
,`abbreviation_id` int(11)
);

-- --------------------------------------------------------

--
-- Stand-in structure for view `view.category_assignment`
-- (See below for the actual view)
--
CREATE TABLE `view.category_assignment` (
`category_assignment_id` int(11)
,`category_id` int(11)
,`category_name_german` varchar(1000)
,`category_name_english` varchar(1000)
,`abbreviation_id` int(11)
,`name_german` varchar(1000)
,`name_english` varchar(1000)
);

-- --------------------------------------------------------

--
-- Stand-in structure for view `view.parent_children`
-- (See below for the actual view)
--
CREATE TABLE `view.parent_children` (
`parent_children_id` int(10)
,`parent_id` int(10)
,`parent_german` varchar(1000)
,`parent_english` varchar(1000)
,`children_id` int(10)
,`children_german` varchar(1000)
,`children_english` varchar(1000)
);

-- --------------------------------------------------------

--
-- Structure for view `budo_vocabulary`
--
DROP TABLE IF EXISTS `budo_vocabulary`;

CREATE ALGORITHM=UNDEFINED DEFINER=`budoschema_1`@`%` SQL SECURITY DEFINER VIEW `budo_vocabulary`  AS  select `cpc_all`.`category_german` AS `category_german`,concat(`cpc_all`.`ca_budo`,'+',coalesce(`cpc_all`.`children_budo`,'')) AS `BUDO` from `cpc_all` where (`cpc_all`.`children_budo` is not null) union select `cpc_all`.`category_german` AS `category_german`,`cpc_all`.`ca_budo` AS `BUDO` from `cpc_all` where isnull(`cpc_all`.`children_budo`) ;

-- --------------------------------------------------------

--
-- Structure for view `cpc_all`
--
DROP TABLE IF EXISTS `cpc_all`;

CREATE ALGORITHM=UNDEFINED DEFINER=`budoschema_1`@`%` SQL SECURITY DEFINER VIEW `cpc_all`  AS  select `a`.`category_assignment_id` AS `ca_id`,`a`.`category_id` AS `category_id`,`d`.`name_german` AS `category_german`,`d`.`name_english` AS `category_english`,`d`.`budo` AS `category_budo`,`a`.`abbreviation_id` AS `ca_abbreviation_id`,`c`.`name_german` AS `ca_german`,`c`.`name_english` AS `ca_english`,`c`.`budo` AS `ca_budo`,`e`.`children_id` AS `ch_id`,`f`.`name_german` AS `children_german`,`f`.`name_english` AS `children_english`,`f`.`budo` AS `children_budo` from (((((`category_assignment` `a` left join `category` `b` on((`b`.`category_id` = `a`.`category_id`))) left join `abbreviation` `c` on((`c`.`abbreviation_id` = `a`.`abbreviation_id`))) left join `abbreviation` `d` on((`b`.`abbreviation_id` = `d`.`abbreviation_id`))) left join `parent_children` `e` on((`e`.`parent_id` = `a`.`abbreviation_id`))) left join `abbreviation` `f` on((`f`.`abbreviation_id` = `e`.`children_id`))) union all select `a`.`category_assignment_id` AS `ca_id`,`a`.`category_id` AS `category_id`,`d`.`name_german` AS `category_german`,`d`.`name_english` AS `category_english`,`d`.`budo` AS `category_budo`,`a`.`abbreviation_id` AS `ca_abbreviation_id`,`c`.`name_german` AS `ca_german`,`c`.`name_english` AS `ca_english`,`c`.`budo` AS `ca_budo`,NULL AS `ch_id`,NULL AS `children_german`,NULL AS `children_english`,NULL AS `children_budo` from (((`category_assignment` `a` left join `category` `b` on((`b`.`category_id` = `a`.`category_id`))) left join `abbreviation` `c` on((`c`.`abbreviation_id` = `a`.`abbreviation_id`))) left join `abbreviation` `d` on((`b`.`abbreviation_id` = `d`.`abbreviation_id`))) where `a`.`abbreviation_id` in (select `parent_children`.`parent_id` from `parent_children`) union all select NULL AS `ca_id`,NULL AS `category_id`,NULL AS `category_name_german`,NULL AS `category_english`,NULL AS `category_budo`,`c`.`abbreviation_id` AS `ca_abbreviation_id`,`c`.`name_german` AS `ca_german`,`c`.`name_english` AS `ca_english`,`c`.`budo` AS `ca_budo`,`f`.`children_id` AS `ch_id`,`g`.`name_german` AS `children_german`,`g`.`name_english` AS `children_english`,`g`.`budo` AS `children_budo` from (((`parent_children` `e` left join `abbreviation` `c` on((`e`.`parent_id` = `c`.`abbreviation_id`))) left join `parent_children` `f` on((`e`.`children_id` = `c`.`abbreviation_id`))) left join `abbreviation` `g` on((`g`.`abbreviation_id` = `e`.`children_id`))) where (not(`e`.`parent_id` in (select `category_assignment`.`abbreviation_id` from `category_assignment`))) ;

-- --------------------------------------------------------

--
-- Structure for view `view.category`
--
DROP TABLE IF EXISTS `view.category`;

CREATE ALGORITHM=UNDEFINED DEFINER=`budoschema_1`@`%` SQL SECURITY DEFINER VIEW `view.category`  AS  select `a`.`category_id` AS `category_id`,`b`.`name_german` AS `name_german`,`b`.`name_english` AS `name_english`,`b`.`budo` AS `budo`,`b`.`comment` AS `comment`,`b`.`abbreviation_id` AS `abbreviation_id` from (`category` `a` join `abbreviation` `b` on((`a`.`abbreviation_id` = `b`.`abbreviation_id`))) order by `a`.`category_id` ;

-- --------------------------------------------------------

--
-- Structure for view `view.category_assignment`
--
DROP TABLE IF EXISTS `view.category_assignment`;

CREATE ALGORITHM=UNDEFINED DEFINER=`budoschema_1`@`%` SQL SECURITY DEFINER VIEW `view.category_assignment`  AS  select `b`.`category_assignment_id` AS `category_assignment_id`,`a`.`category_id` AS `category_id`,`a`.`name_german` AS `category_name_german`,`a`.`name_english` AS `category_name_english`,`c`.`abbreviation_id` AS `abbreviation_id`,`c`.`name_german` AS `name_german`,`c`.`name_english` AS `name_english` from ((`view.category` `a` join `category_assignment` `b` on((`a`.`category_id` = `b`.`category_id`))) join `abbreviation` `c` on((`b`.`abbreviation_id` = `c`.`abbreviation_id`))) order by `b`.`category_assignment_id` ;

-- --------------------------------------------------------

--
-- Structure for view `view.parent_children`
--
DROP TABLE IF EXISTS `view.parent_children`;

CREATE ALGORITHM=UNDEFINED DEFINER=`budoschema_1`@`%` SQL SECURITY DEFINER VIEW `view.parent_children`  AS  select `a`.`parent_children_id` AS `parent_children_id`,`a`.`parent_id` AS `parent_id`,`b`.`name_german` AS `parent_german`,`b`.`name_english` AS `parent_english`,`a`.`children_id` AS `children_id`,`c`.`name_german` AS `children_german`,`c`.`name_english` AS `children_english` from ((`parent_children` `a` join `abbreviation` `b` on((`a`.`parent_id` = `b`.`abbreviation_id`))) join `abbreviation` `c` on((`a`.`children_id` = `c`.`abbreviation_id`))) order by `a`.`parent_children_id` ;

--
-- Indexes for dumped tables
--

--
-- Indexes for table `abbreviation`
--
ALTER TABLE `abbreviation`
  ADD PRIMARY KEY (`abbreviation_id`);

--
-- Indexes for table `category`
--
ALTER TABLE `category`
  ADD PRIMARY KEY (`category_id`);

--
-- Indexes for table `category_assignment`
--
ALTER TABLE `category_assignment`
  ADD PRIMARY KEY (`category_assignment_id`);

--
-- Indexes for table `changes`
--
ALTER TABLE `changes`
  ADD PRIMARY KEY (`changes_id`);

--
-- Indexes for table `languages`
--
ALTER TABLE `languages`
  ADD PRIMARY KEY (`languages_id`);

--
-- Indexes for table `parent_children`
--
ALTER TABLE `parent_children`
  ADD PRIMARY KEY (`parent_children_id`);

--
-- Indexes for table `standards`
--
ALTER TABLE `standards`
  ADD PRIMARY KEY (`standards_id`);

--
-- Indexes for table `translation`
--
ALTER TABLE `translation`
  ADD PRIMARY KEY (`translation_id`);

--
-- AUTO_INCREMENT for dumped tables
--

--
-- AUTO_INCREMENT for table `abbreviation`
--
ALTER TABLE `abbreviation`
  MODIFY `abbreviation_id` int(11) NOT NULL AUTO_INCREMENT, AUTO_INCREMENT=1502;

--
-- AUTO_INCREMENT for table `category`
--
ALTER TABLE `category`
  MODIFY `category_id` int(11) NOT NULL AUTO_INCREMENT, AUTO_INCREMENT=50;

--
-- AUTO_INCREMENT for table `category_assignment`
--
ALTER TABLE `category_assignment`
  MODIFY `category_assignment_id` int(11) NOT NULL AUTO_INCREMENT, AUTO_INCREMENT=523;

--
-- AUTO_INCREMENT for table `changes`
--
ALTER TABLE `changes`
  MODIFY `changes_id` int(11) NOT NULL AUTO_INCREMENT, AUTO_INCREMENT=119;

--
-- AUTO_INCREMENT for table `languages`
--
ALTER TABLE `languages`
  MODIFY `languages_id` int(11) NOT NULL AUTO_INCREMENT, AUTO_INCREMENT=5;

--
-- AUTO_INCREMENT for table `parent_children`
--
ALTER TABLE `parent_children`
  MODIFY `parent_children_id` int(10) NOT NULL AUTO_INCREMENT, AUTO_INCREMENT=1533;

--
-- AUTO_INCREMENT for table `standards`
--
ALTER TABLE `standards`
  MODIFY `standards_id` int(11) NOT NULL AUTO_INCREMENT, AUTO_INCREMENT=8;

--
-- AUTO_INCREMENT for table `translation`
--
ALTER TABLE `translation`
  MODIFY `translation_id` int(200) NOT NULL AUTO_INCREMENT, AUTO_INCREMENT=41;
COMMIT;

/*!40101 SET CHARACTER_SET_CLIENT=@OLD_CHARACTER_SET_CLIENT */;
/*!40101 SET CHARACTER_SET_RESULTS=@OLD_CHARACTER_SET_RESULTS */;
/*!40101 SET COLLATION_CONNECTION=@OLD_COLLATION_CONNECTION */;
